-- phpMyAdmin SQL Dump
-- version 4.0.10.15
-- http://www.phpmyadmin.net
--
-- 主机: localhost
-- 生成日期: 2016-06-11 20:53:14
-- 服务器版本: 5.1.73
-- PHP 版本: 5.3.3

SET SQL_MODE = "NO_AUTO_VALUE_ON_ZERO";
SET time_zone = "+00:00";


/*!40101 SET @OLD_CHARACTER_SET_CLIENT=@@CHARACTER_SET_CLIENT */;
/*!40101 SET @OLD_CHARACTER_SET_RESULTS=@@CHARACTER_SET_RESULTS */;
/*!40101 SET @OLD_COLLATION_CONNECTION=@@COLLATION_CONNECTION */;
/*!40101 SET NAMES utf8 */;

--
-- 数据库: `milk`
--

-- --------------------------------------------------------

--
-- 表的结构 `calculationtypes`
--

CREATE TABLE IF NOT EXISTS `calculationtypes` (
  `id_calculationtype` varchar(20) NOT NULL,
  `name` varchar(100) DEFAULT NULL,
  PRIMARY KEY (`id_calculationtype`)
) ENGINE=MyISAM DEFAULT CHARSET=utf8;

--
-- 转存表中的数据 `calculationtypes`
--

INSERT INTO `calculationtypes` (`id_calculationtype`, `name`) VALUES
('0', 'Arithmetic mean calculation'),
('5', 'Geometric mean calculation'),
('1', 'Versatility calculation'),
('2', 'Free formula calculation (complex)'),
('3', 'Minimum calculation'),
('4', 'Maximum calculation');

-- --------------------------------------------------------

--
-- 表的结构 `comments`
--

CREATE TABLE IF NOT EXISTS `comments` (
  `id_comment` int(11) NOT NULL AUTO_INCREMENT,
  `id_product` int(11) DEFAULT NULL,
  `user` varchar(20) NOT NULL,
  `content` varchar(400) NOT NULL,
  `create_time` timestamp NOT NULL DEFAULT CURRENT_TIMESTAMP,
  `id_parent` int(11) NOT NULL DEFAULT '0',
  `replyer` varchar(20) DEFAULT NULL,
  PRIMARY KEY (`id_comment`)
) ENGINE=InnoDB  DEFAULT CHARSET=utf8 AUTO_INCREMENT=7 ;

-- --------------------------------------------------------

--
-- 表的结构 `evaluations`
--

CREATE TABLE IF NOT EXISTS `evaluations` (
  `id_evaluation` varchar(20) NOT NULL,
  `id_parent` varchar(20) DEFAULT NULL,
  `id_calculationtype` varchar(20) NOT NULL,
  `name` varchar(200) DEFAULT NULL,
  `timestamp_lastchange` int(12) DEFAULT NULL,
  `timestamp_created` int(12) DEFAULT NULL,
  `precision` varchar(10) DEFAULT NULL,
  `unit` varchar(45) DEFAULT NULL,
  `binding` varchar(45) DEFAULT NULL,
  `lookupstable` varchar(45) DEFAULT NULL,
  `weighting_given` varchar(45) DEFAULT NULL,
  `weighting_normalized` varchar(45) DEFAULT NULL,
  `use_limiting` varchar(45) DEFAULT NULL,
  `use_lookupable` varchar(45) DEFAULT NULL,
  `use_inheritna` varchar(45) DEFAULT NULL,
  `evaluationchilds` varchar(45) DEFAULT NULL,
  `selected` int(11) DEFAULT '0',
  PRIMARY KEY (`id_evaluation`),
  KEY `fk_evaluations_calculationtypes1_idx` (`id_calculationtype`),
  KEY `fk_evaluations_evaluations1_idx` (`id_parent`)
) ENGINE=MyISAM DEFAULT CHARSET=utf8;

--
-- 转存表中的数据 `evaluations`
--

INSERT INTO `evaluations` (`id_evaluation`, `id_parent`, `id_calculationtype`, `name`, `timestamp_lastchange`, `timestamp_created`, `precision`, `unit`, `binding`, `lookupstable`, `weighting_given`, `weighting_normalized`, `use_limiting`, `use_lookupable`, `use_inheritna`, `evaluationchilds`, `selected`) VALUES
('213', '0', '0', 'total test result', 1465516681, 1463600654, '3', '', '', '0.5,1.5,2.5,3.5,4.5,5.5', '1', '', '0', '0', '0', '214,223,226,227,228,229', 1),
('214', '213', '0', 'Contaminants', 1465516681, 1463600654, '3', '', '', '0.5,1.5,2.5,3.5,4.5,5.5', '4', '40', '1', '0', '0', '215,216,220,221', 1),
('215', '214', '0', 'Aflatoxin', 1465516681, 1463600654, '3', '', '', '0.5,1.5,2.5,3.5,4.5,5.5', '0', '0', '0', '0', '0', '', 0),
('216', '214', '0', 'Dioxins and PCB', 1465548537, 1463600654, '3', '', '', '0.5,1.5,2.5,3.5,4.5,5.5', '2', '50', '1', '0', '0', '217,218', 1),
('217', '216', '0', 'Dioxin-like PCB', 1465548521, 1463600654, '3', '', '', '0.5,1.5,2.5,3.5,4.5,5.5', '4', '40', '1', '1', '0', '231,232,233,234,235,236,237,238,239,240,241,2', 0),
('218', '216', '0', 'Dioxins', 1465516681, 1463600654, '3', '', '', '0.5,1.5,2.5,3.5,4.5,5.5', '4', '40', '1', '1', '0', '247,248,249,250,251,252,253,254,255,256,257,2', 0),
('219', '216', '0', 'Non-dioxin-like PCB', 1465548587, 1463600654, '3', '', '', '0.5,1.5,2.5,3.5,4.5,5.5', '2', '20', '1', '1', '0', '266,267,268,269,270,271,272', 0),
('220', '214', '0', 'Heavy Metal', 1465548650, 1463600654, '3', '', '', '0.5,1.5,2.5,3.5,4.5,5.5', '1', '25', '1', '0', '0', '274,275,276,277', 1),
('221', '214', '0', 'Inhibitor Test', 1465548661, 1463600654, '3', '', '', '0.5,1.5,2.5,3.5,4.5,5.5', '1', '25', '1', '0', '0', '', 1),
('222', '214', '0', 'Pesticides', 1465516681, 1463600654, '3', '', '', '0.5,1.5,2.5,3.5,4.5,5.5', '0', '0', '0', '0', '0', '', 0),
('223', '213', '0', 'Declaration', 1465516681, 1463600654, '3', '', '', '0.5,1.5,2.5,3.5,4.5,5.5', '1', '10', '0', '0', '0', '224', 1),
('224', '223', '0', 'Qualitative', 1465516681, 1463600654, '3', '', '', '0.5,1.5,2.5,3.5,4.5,5.5', '1', '50', '0', '1', '0', '281,282,283,284,285,286,287,288,289,290,291,2', 1),
('225', '223', '0', 'Quantitative', 1465516681, 1463600654, '3', '', '', '0.5,1.5,2.5,3.5,4.5,5.5', '1', '50', '0', '0', '0', '301,302,303,304,305,306,307,308,309,310,311', 1),
('226', '213', '0', 'Microbiology', 1465516681, 1463600654, '3', '', '', '0.5,1.5,2.5,3.5,4.5,5.5', '1', '10', '1', '0', '0', '313', 1),
('227', '213', '0', 'Non-protein Nitrogen', 1465548743, 1463600654, '3', '', '', '0.5,1.5,2.5,3.5,4.5,5.5', '1', '10', '1', '0', '0', '', 1),
('228', '213', '0', 'Nutritional Value', 1465548681, 1463600654, '3', '', '', '0.5,1.5,2.5,3.5,4.5,5.5', '3', '30', '0', '0', '0', '316,317', 1),
('229', '213', '0', 'Test Samples', 1465548691, 1463600654, '3', '', '', '0.5,1.5,2.5,3.5,4.5,5.5', '0', '0', '0', '0', '0', '319', 0),
('230', '215', '0', 'Aflatoxin M1', 1465516681, 1463600654, '3', '', 'AFLATOXIN', '0.5,1.5,2.5,3.5,4.5,5.5', '0', '0', '0', '1', '0', '', 0),
('231', '217', '0', 'PCB-77', 1465516681, 1463600654, '3', '', 'PCB_77', '0.5,1.5,2.5,3.5,4.5,5.5', '0', '0', '0', '1', '0', '', 0),
('232', '217', '0', 'PCB-81', 1465516681, 1463600654, '3', '', 'PCB_81', '0.5,1.5,2.5,3.5,4.5,5.5', '0', '0', '0', '1', '0', '', 0),
('233', '217', '0', 'PCB-126', 1465516681, 1463600654, '3', '', 'PCB_126', '0.5,1.5,2.5,3.5,4.5,5.5', '0', '0', '0', '1', '0', '', 0),
('234', '217', '0', 'PCB-169', 1465516681, 1463600654, '3', '', 'PCB_169', '0.5,1.5,2.5,3.5,4.5,5.5', '0', '0', '0', '1', '0', '', 0),
('235', '217', '0', 'PCB-105', 1465516681, 1463600654, '3', '', 'PCB_105', '0.5,1.5,2.5,3.5,4.5,5.5', '0', '0', '0', '1', '0', '', 0),
('236', '217', '0', 'PCB-114', 1465516681, 1463600654, '3', '', 'PCB_114', '0.5,1.5,2.5,3.5,4.5,5.5', '0', '0', '0', '1', '0', '', 0),
('237', '217', '0', 'PCB-118', 1465516681, 1463600654, '3', '', 'PCB_118', '0.5,1.5,2.5,3.5,4.5,5.5', '0', '0', '0', '1', '0', '', 0),
('238', '217', '0', 'PCB-123', 1465516681, 1463600654, '3', '', 'PCB_123', '0.5,1.5,2.5,3.5,4.5,5.5', '0', '0', '0', '1', '0', '', 0),
('239', '217', '0', 'PCB-156', 1465516681, 1463600654, '3', '', 'PCB_156', '0.5,1.5,2.5,3.5,4.5,5.5', '0', '0', '0', '1', '0', '', 0),
('240', '217', '0', 'PCB-157', 1465516681, 1463600654, '3', '', 'PCB_157', '0.5,1.5,2.5,3.5,4.5,5.5', '0', '0', '0', '1', '0', '', 0),
('241', '217', '0', 'PCB-167', 1465516681, 1463600654, '3', '', 'PCB_167', '0.5,1.5,2.5,3.5,4.5,5.5', '0', '0', '0', '1', '0', '', 0),
('242', '217', '0', 'PCB-189', 1465516681, 1463600654, '3', '', 'PCB_189', '0.5,1.5,2.5,3.5,4.5,5.5', '0', '0', '0', '1', '0', '', 0),
('243', '217', '0', 'WHO-TEQ of PCB excl. LOQ', 1465548226, 1463600654, '3', '', 'TEQDLPCB', '0.5,1.5,2.5,3.5,4.5,5.5', '0', '0', '0', '1', '0', '', 0),
('244', '217', '0', 'WHO-TEQ of PCB incl. LOQ', 1465548257, 1463600654, '3', '', 'TEQDLPCBLOQ', '0.5,1.5,2.5,3.5,4.5,5.5', '0', '0', '0', '1', '0', '', 0),
('245', '217', '0', 'WHO-TEQ of PCDD/F and PCB excl. LOQ', 1465548293, 1463600654, '3', '', 'TOTALTEQDIOXINANDDLPCB', '0.5,1.5,2.5,3.5,4.5,5.5', '0', '0', '0', '1', '0', '', 0),
('246', '217', '0', 'WHO-TEQ of PCDD/F and PCB incl. LOQ', 1465548441, 1463600654, '3', '', 'TOTALTEQDIOXINANDDLPCBLOQ', '5.5,3.7,2.5,1.7,1.1,0.6', '1', '100', '0', '1', '0', '', 0),
('247', '218', '0', '2,3,7,8-TCDD', 1465516681, 1463600654, '3', '', '2_3_7_8_TCDD', '0.5,1.5,2.5,3.5,4.5,5.5', '0', '0', '0', '1', '0', '', 0),
('248', '218', '0', '1,2,3,7,8 PeCDD', 1465516681, 1463600654, '3', '', '1_2_3_7_8_PECDD', '0.5,1.5,2.5,3.5,4.5,5.5', '0', '0', '0', '1', '0', '', 0),
('249', '218', '0', '1,2,3,4,7,8-HxCDD', 1465516681, 1463600654, '3', '', '1_2_3_4_7_8_HXCDD', '0.5,1.5,2.5,3.5,4.5,5.5', '0', '0', '0', '1', '0', '', 0),
('250', '218', '0', '1,2,3,6,7,8 HxCDD', 1465516681, 1463600654, '3', '', '1_2_3_6_7_8_HXCDD', '0.5,1.5,2.5,3.5,4.5,5.5', '0', '0', '0', '1', '0', '', 0),
('251', '218', '0', '1,2,3,7,8,9-HxCDD', 1465516681, 1463600654, '3', '', '1_2_3_7_8_9_HXCDD', '0.5,1.5,2.5,3.5,4.5,5.5', '0', '0', '0', '1', '0', '', 0),
('252', '218', '0', '1,2,3,4,6,7,8-HpCDD', 1465516681, 1463600654, '3', '', '1_2_3_4_6_7_8_HPCDD', '0.5,1.5,2.5,3.5,4.5,5.5', '0', '0', '0', '1', '0', '', 0),
('253', '218', '0', 'Octa CDD', 1465516681, 1463600654, '3', '', 'OCTACDD', '0.5,1.5,2.5,3.5,4.5,5.5', '0', '0', '0', '1', '0', '', 0),
('254', '218', '0', '2,3,7,8-TCDF', 1465516681, 1463600654, '3', '', '2_3_7_8_TCDF', '0.5,1.5,2.5,3.5,4.5,5.5', '0', '0', '0', '1', '0', '', 0),
('255', '218', '0', '1,2,3,7,8 PeCDF', 1465516681, 1463600654, '3', '', '1_2_3_7_8_PECDF', '0.5,1.5,2.5,3.5,4.5,5.5', '0', '0', '0', '1', '0', '', 0),
('256', '218', '0', '2,3,4,7,8-PeCDF', 1465516681, 1463600654, '3', '', '2_3_4_7_8_PECDF', '0.5,1.5,2.5,3.5,4.5,5.5', '0', '0', '0', '1', '0', '', 0),
('257', '218', '0', '1,2,3,4,7,8-HxCDF', 1465516681, 1463600654, '3', '', '1_2_3_4_7_8_HXCDF', '0.5,1.5,2.5,3.5,4.5,5.5', '0', '0', '0', '1', '0', '', 0),
('258', '218', '0', '1,2,3,6,7,8 HxCDF', 1465516681, 1463600654, '3', '', '1_2_3_6_7_8_HXCDF', '0.5,1.5,2.5,3.5,4.5,5.5', '0', '0', '0', '1', '0', '', 0),
('259', '218', '0', '2,3,4,6,7,8-HxCDF', 1465516681, 1463600654, '3', '', '2_3_4_6_7_8_HXCDF', '0.5,1.5,2.5,3.5,4.5,5.5', '0', '0', '0', '1', '0', '', 0),
('260', '218', '0', '1,2,3,7,8,9-HxCDF', 1465516681, 1463600654, '3', '', '1_2_3_7_8_9_HXCDF', '0.5,1.5,2.5,3.5,4.5,5.5', '0', '0', '0', '1', '0', '', 0),
('261', '218', '0', '1,2,3,4,6,7,8-HpCDF', 1465516681, 1463600654, '3', '', '1_2_3_4_6_7_8_HPCDF', '0.5,1.5,2.5,3.5,4.5,5.5', '0', '0', '0', '1', '0', '', 0),
('262', '218', '0', '1,2,3,4,7,8,9-HpCDF', 1465516681, 1463600654, '3', '', '1_2_3_4_7_8_9_HPCDF', '0.5,1.5,2.5,3.5,4.5,5.5', '0', '0', '0', '1', '0', '', 0),
('263', '218', '0', 'Octa CDF', 1465516681, 1463600654, '3', '', 'OCTACDF', '0.5,1.5,2.5,3.5,4.5,5.5', '0', '0', '0', '1', '0', '', 0),
('264', '218', '0', 'WHO-TEQ of PCDD/F excl. LOQ', 1465548167, 1463600654, '3', '', 'TEQDIOXIN', '0.5,1.5,2.5,3.5,4.5,5.5', '0', '0', '0', '1', '0', '', 0),
('265', '218', '0', 'WHO-TEQ of PCDD/F incl. LOQ', 1465548139, 1463600654, '3', '', 'TEGDIOXINLOQ', '2.5,1.75,1.25,0.8,0.5,0.25', '1', '100', '0', '1', '0', '', 0),
('266', '219', '0', 'PCB-28', 1465516681, 1463600654, '3', '', 'PCB_28', '0.5,1.5,2.5,3.5,4.5,5.5', '0', '0', '0', '1', '0', '', 0),
('267', '219', '0', 'PCB-52', 1465516681, 1463600654, '3', '', 'PCB_52', '0.5,1.5,2.5,3.5,4.5,5.5', '0', '0', '0', '1', '0', '', 0),
('268', '219', '0', 'PCB-101', 1465516681, 1463600654, '3', '', 'PCB_101', '0.5,1.5,2.5,3.5,4.5,5.5', '0', '0', '0', '1', '0', '', 0),
('269', '219', '0', 'PCB-138', 1465516681, 1463600654, '3', '', 'PCB_138', '0.5,1.5,2.5,3.5,4.5,5.5', '0', '0', '0', '1', '0', '', 0),
('270', '219', '0', 'PCB-153', 1465516681, 1463600654, '3', '', 'PCB_153', '0.5,1.5,2.5,3.5,4.5,5.5', '0', '0', '0', '1', '0', '', 0),
('271', '219', '0', 'PCB-180', 1465516681, 1463600654, '3', '', 'PCB_180', '0.5,1.5,2.5,3.5,4.5,5.5', '0', '0', '0', '1', '0', '', 0),
('272', '219', '0', 'Sum of 6 ndl PCB', 1465516681, 1463600654, '3', '', 'SUM6NDLPCB', '0.5,1.5,2.5,3.5,4.5,5.5', '0', '0', '0', '1', '0', '', 0),
('273', '219', '0', 'Sum of 6 ndl PCB incl. LOQ (ICES-6)', 1465516681, 1463600654, '3', '', 'SUM6NDLPCBLOQ', '40000,28000,17000,10000,5000,2000', '1', '100', '0', '1', '0', '', 0),
('274', '220', '0', 'Arsenic (As)', 1465516681, 1463600654, '3', '', 'ARSENIC', '0.6,0.5,0.4,0.3,0.2,0.1', '1', '20', '0', '1', '0', '', 0),
('275', '220', '0', 'Lead (Pb)', 1465516681, 1463600654, '3', '', 'LEAD', '0.07,0.06,0.05,0.04,0.03,0.02', '1', '20', '0', '1', '0', '', 0),
('276', '220', '0', 'Cadmium (Cd)', 1465516681, 1463600654, '3', '', 'CADMIUM', '0.06,0.05,0.04,0.03,0.02,0.01', '1', '20', '0', '1', '0', '', 0),
('277', '220', '0', 'Mercury (Hg)', 1465516681, 1463600654, '3', '', 'MERCURY', '0.01,0.009,0.008,0.007,0.006,0.005', '1', '20', '0', '1', '0', '', 0),
('278', '220', '0', 'Chromium (Cr)', 1465516681, 1463600654, '3', '', 'CHROMIUM', '0.7,0.6,0.5,0.4,0.3,0.2', '1', '20', '0', '1', '0', '', 0),
('279', '221', '0', 'Inhibitor tests', 1465516681, 1463600654, '3', '', 'INHIBITORTEST', 'negativ,,,,,', '1', '100', '0', '1', '0', '', 0),
('280', '222', '0', 'Pesticides screening foods of animal origin', 1465516681, 1463600654, '3', '', 'PESTICIDES', '0.5,1.5,2.5,3.5,4.5,5.5', '1', '100', '0', '1', '0', '', 0),
('281', '224', '0', 'Info on protein enrichment', 1465516681, 1463600654, '3', '', 'PROTEINENRICHMENTINFO', '0.5,5.5,2.5,3.5,4.5,5.5', '0', '0', '0', '1', '0', '', 0),
('282', '224', '0', 'Big 4: energy, protein, carbohydrates, fat', 1465516681, 1463600654, '3', '', 'BIG4', '0.5,5.5,2.5,3.5,4.5,5.5', '1', '14', '0', '1', '0', '', 0),
('283', '224', '0', 'Big 5: energy, fat, saturated fatty acids, sugar, salt', 1465516681, 1463600654, '3', '', 'BIG5', '0.5,5.5,2.5,3.5,4.5,5.5', '0', '0', '0', '1', '0', '', 0),
('284', '224', '0', 'Big 7: energy, protein, fat, saturated fatty acids, carbohydrates, sugar, salt', 1465516681, 1463600654, '3', '', 'BIG7', '0.5,5.5,2.5,3.5,4.5,5.5', '0', '0', '0', '1', '0', '', 0),
('285', '224', '0', 'Full info about storage', 1465516681, 1463600654, '3', '', 'STORAGEINFO', '0.5,5.5,2.5,3.5,4.5,5.5', '1', '14', '0', '1', '0', '', 0),
('286', '224', '0', 'Full info about producer or bottler', 1465516681, 1463600654, '3', '', 'PRODUCERINFO', '0.5,5.5,2.5,3.5,4.5,5.5', '1', '14', '0', '1', '0', '', 0),
('287', '224', '0', 'Full info about distributor', 1465516681, 1463600654, '3', '', 'DISTRIBUTORINFO', '0.5,5.5,2.5,3.5,4.5,5.5', '1', '14', '0', '1', '0', '', 0),
('288', '224', '0', 'Info on heat treatment and the homogenization', 1465516681, 1463600654, '3', '', 'TREATMENTINFO', '0.5,5.5,2.5,3.5,4.5,5.5', '1', '14', '0', '1', '0', '', 0),
('289', '224', '0', 'Labeling of organic / biological production', 1465516681, 1463600654, '3', '', 'ORGANIC_BIOLOGICAL_LABELING', '0.5,5.5,2.5,3.5,4.5,5.5', '0', '0', '0', '1', '0', '', 0),
('290', '224', '0', 'Info about organic / biological control', 1465516681, 1463600654, '3', '', 'ORGANIC_BIOLOGICAL_CONTROL', '0.5,5.5,2.5,3.5,4.5,5.5', '0', '0', '0', '1', '0', '', 0),
('291', '224', '0', 'Stating', 1465516681, 1463600654, '3', '', 'GENETICENGINEERINGFREE', '0.5,5.5,2.5,3.5,4.5,5.5', '0', '0', '0', '1', '0', '', 0),
('292', '224', '0', 'Info incl. illustrations on farming of cows', 1465516681, 1463600654, '3', '', 'FARMINGINFO', '0.5,5.5,2.5,3.5,4.5,5.5', '0', '0', '0', '1', '0', '', 0),
('293', '224', '0', 'Info on geographical origin of milk', 1465516681, 1463600654, '3', '', 'GEOGRAPHICALORIGIN', '3,5.5,2.5,3.5,4.5,5.5', '0', '0', '0', '1', '0', '', 0),
('294', '224', '0', 'Special praise of the product by pictograms, pictures and slogans', 1465516681, 1463600654, '3', '', 'SPECIALPRAISE', '0.5,5.5,2.5,3.5,4.5,5.5', '0', '0', '0', '1', '0', '', 0),
('295', '224', '0', 'Disease-related advertising claims', 1465516681, 1463600654, '3', '', 'DISEASERELATEDCLAIMS', '0.5,5.5,2.5,3.5,4.5,5.5', '0', '0', '0', '1', '0', '', 0),
('296', '224', '0', 'Misnomer info', 1465516681, 1463600654, '3', '', 'MISNOMERINFO', '5.5,0.5,2.5,3.5,4.5,5.5', '0', '0', '0', '1', '0', '', 0),
('297', '224', '0', 'Advertise with test results', 1465516681, 1463600654, '3', '', 'ADWITHTESTRESULT', '0.5,5.5,2.5,3.5,4.5,5.5', '0', '0', '0', '1', '0', '', 0),
('298', '224', '0', 'Readable font size of all info', 1465516681, 1463600654, '3', '', 'READABLEFONTSIZE', '0.5,5.5,2.5,3.5,4.5,5.5', '1', '14', '0', '1', '0', '', 0),
('299', '224', '0', 'Readable printed or stamped numbers', 1465516681, 1463600654, '3', '', 'READABLENUMBERS', '0.5,5.5,2.5,3.5,4.5,5.5', '1', '14', '0', '1', '0', '', 0),
('300', '224', '0', 'High colour contrast', 1465516681, 1463600654, '3', '', 'HIGHCOLOURCONTRAST', '0.5,5.5,2.5,3.5,4.5,5.5', '0', '0', '0', '1', '0', '', 0),
('301', '225', '0', 'Energy declared', 1465516681, 1463600654, '3', '', 'ENERGY', '0.5,1.5,2.5,3.5,4.5,5.5', '0', '0', '0', '1', '0', '', 0),
('302', '225', '0', 'Saturated fatty acids of fat declared', 1465516681, 1463600654, '3', '', 'SATURATEDFATTYACIDS', '0.5,1.5,2.5,3.5,4.5,5.5', '0', '0', '0', '1', '0', '', 0),
('303', '225', '0', 'Carbohydrate declared', 1465516681, 1463600654, '3', '', 'CARBOHYDRATE', '0.5,1.5,2.5,3.5,4.5,5.5', '0', '0', '0', '1', '0', '', 0),
('304', '225', '0', 'Sugar of carbohydrate declared', 1465516681, 1463600654, '3', '', 'SUGAROFCARBOHYDRATE', '0.5,1.5,2.5,3.5,4.5,5.5', '0', '0', '0', '1', '0', '', 0),
('305', '225', '0', 'Sodium declared', 1465516681, 1463600654, '3', '', 'SODIUM', '0.5,1.5,2.5,3.5,4.5,5.5', '0', '0', '0', '1', '0', '', 0),
('306', '225', '0', 'Vitamin D declared', 1465516681, 1463600654, '3', '', 'VITAMIND', '0.5,1.5,2.5,3.5,4.5,5.5', '0', '0', '0', '1', '0', '', 0),
('307', '225', '0', 'Protein deviation from declaration', 1465516681, 1463600654, '3', '', 'PROTEINDEVIATION', '-15,-10,-7.5,-4.5,-1.5,0', '1', '33', '1', '1', '0', '', 0),
('308', '225', '0', 'Fat deviation from declaration', 1465516681, 1463600654, '3', '', 'FATDEVIATION', '-20,-15,-10,-5,-2.5,0', '1', '33', '0', '1', '0', '', 0),
('309', '225', '0', 'Calcium deviation from declaration', 1465516681, 1463600654, '3', '', 'CALCIUMDEVIATION', '-30,-25,-20,-15,-10,0', '1', '33', '0', '1', '0', '', 0),
('310', '225', '0', 'Saturated fat of fat declared', 1465516681, 1463600654, '3', '', 'SATURATEDFAT', '0.5,1.5,2.5,3.5,4.5,5.5', '0', '0', '0', '1', '0', '', 0),
('311', '225', '0', 'Carbohydrates declared', 1465516681, 1463600654, '3', '', 'CARBOHYDRATES', '0.5,1.5,2.5,3.5,4.5,5.5', '0', '0', '0', '1', '0', '', 0),
('312', '225', '0', 'Sugar of carbohydrates declared', 1465516681, 1463600654, '3', '', 'SUGAROFCARBOHYDRATES', '0.5,1.5,2.5,3.5,4.5,5.5', '0', '0', '0', '1', '0', '', 0),
('313', '226', '0', 'Bacterial count', 1465516681, 1463600654, '3', '', 'BACTERIALCOUNT', '150,100,50,10,0.5,0', '1', '50', '1', '1', '0', '', 1),
('314', '226', '0', 'Salmonella (qualitative in 25g)', 1465516681, 1463600654, '3', '', 'SALMONELLA', 'negativ,,,,,', '1', '50', '1', '1', '0', '', 1),
('315', '227', '0', 'NPN share of total nitrogen', 1465516681, 1463600654, '3', '', 'NPNOFTOTALN', '10,5,4.5,4,3.55,3', '1', '100', '0', '1', '0', '', 1),
('316', '228', '0', 'Protein', 1465516681, 1463600654, '3', '', 'PROTEIN', '2.5,2.8,3,3.1,3.3,3.5', '1', '33', '0', '1', '0', '', 1),
('317', '228', '0', 'Fat', 1465516681, 1463600654, '3', '', 'FAT', '2.8,3,3.15,3.25,3.45,3.6', '1', '33', '0', '1', '0', '', 1),
('318', '228', '0', 'Calcium (Ca)', 1465516681, 1463600654, '3', '', 'CALCIUM', '600,720,840,960,1080,1200', '1', '33', '0', '1', '0', '', 1),
('319', '229', '0', 'Expiry date', 1465516681, 1463600654, '3', '', 'EXPIRATIONDATE', '0.5,1.5,2.5,3.5,4.5,5.5', '1', '50', '0', '1', '0', '', 0),
('320', '229', '0', 'Shopping date', 1465516681, 1463600654, '3', '', 'SHOPPINGDATE', '0.5,1.5,2.5,3.5,4.5,5.5', '1', '50', '0', '1', '0', '', 0),
('99999999', '213', '0', 'Inventory', 1465618306, 1465618306, '3', '', '', '0,0,0,0,0,0', '0', '0', '0', '0', '0', '100000001,100000134,100000135,100000136,10000', 0),
('100000001', '99999999', '0', 'Brand', 1463496633, 1463496633, '0', '', 'BRAND', '0,0,0,0,0,0', '0', '0', '0', '0', '0', '', 0),
('100000134', '99999999', '0', 'Name of product', 1463600277, 1463600277, '0', '', 'PRODUCTNAME', '0,0,0,0,0,0', '0', '0', '0', '0', '0', '', 0),
('100000135', '99999999', '0', 'Manufacturing process (stated)', 1463600277, 1463600277, '0', '', 'MANUFACTURINGPROCESS', '0,0,0,0,0,0', '0', '0', '0', '0', '0', '', 0),
('100000136', '99999999', '0', 'Fat content', 1463600277, 1463600277, '0', '', 'FATCONTENT', '0,0,0,0,0,0', '0', '0', '0', '0', '0', '', 0),
('100000003', '99999999', '0', 'Specification', 1463600277, 1463496633, '0', '', 'SPECIFICATION', '0,0,0,0,0,0', '0', '0', '0', '0', '0', '', 0),
('100000004', '99999999', '0', 'Packing', 1463600277, 1463496633, '0', '', 'PACKING', '0,0,0,0,0,0', '0', '0', '0', '0', '0', '', 0),
('100000005', '99999999', '0', 'Country of production (stated)', 1463600277, 1463496633, '0', '', 'PRODUCTIONCOUNTRY', '0,0,0,0,0,0', '0', '0', '0', '0', '0', '', 0),
('100000006', '99999999', '0', 'Producer', 1463600277, 1463496633, '0', '', 'PRODUCER', '0,0,0,0,0,0', '0', '0', '0', '0', '0', '', 0),
('100000095', '99999999', '0', 'Distributor', 1463600277, 1463517106, '0', '', 'DISTRIBUTOR', '0,0,0,0,0,0', '0', '0', '0', '0', '0', '', 0),
('100000007', '99999999', '0', 'Charge number of product', 1463600277, 1463496633, '0', '', 'CHARGE', '0,0,0,0,0,0', '0', '0', '0', '0', '0', '', 0),
('100000008', '99999999', '0', 'Bar code of product', 1463600277, 1463496633, '0', '', 'BARCODE', '0,0,0,0,0,0', '0', '0', '0', '0', '0', '', 0),
('100000009', '99999999', '0', 'Production date (stated)', 1463600277, 1463496633, '0', '', 'PRODUCTIONDATE', '0,0,0,0,0,0', '0', '0', '0', '0', '0', '', 0),
('100000137', '99999999', '0', 'Shelf life (stated)', 1463600277, 1463600277, '0', 'day', 'SHELFLIFE', '0,0,0,0,0,0', '0', '0', '0', '0', '0', '', 0),
('100000012', '99999999', '0', 'Volume (stated)', 1463600277, 1463496633, '3', 'liter', 'VOLUME', '0,0,0,0,0,0', '0', '0', '0', '0', '0', '', 0),
('100000013', '99999999', '0', 'Bought at shop', 1463600277, 1463496633, '0', '', 'SHOP', '0,0,0,0,0,0', '0', '0', '0', '0', '0', '', 0),
('100000015', '99999999', '0', 'Paid price', 1463600277, 1463496633, '2', 'CNY', 'PAIDPRICE', '0,0,0,0,0,0', '0', '0', '0', '0', '0', '', 0),
('100000016', '99999999', '0', 'Price per liter', 1465616740, 1463496633, '2', 'CNY', 'PRICEPROLITER', '0,0,0,0,0,0', '0', '0', '0', '0', '0', '', 0),
('100000018', '99999999', '0', 'Protein declared', 1463600277, 1463496633, '2', 'g/100ml', 'PROTEINDECLARED', '0,0,0,0,0,0', '0', '0', '0', '0', '0', '', 0),
('100000019', '99999999', '0', 'Fat declared', 1463600277, 1463496633, '2', 'g/100ml', 'FATDECLARED', '0,0,0,0,0,0', '0', '0', '0', '0', '0', '', 0),
('100000024', '99999999', '0', 'Calcium declared', 1463600277, 1463496633, '2', 'mg/100ml', 'CALCIUMDECLARED', '0,0,0,0,0,0', '0', '0', '0', '0', '0', '', 0),
('100000026', '99999999', '0', 'Protein measurement - declaration ', 1463600277, 1463496633, '2', 'g/100g', 'PROTEINMEASUREDTODECLARED', '0,0,0,0,0,0', '0', '0', '0', '0', '0', '', 0),
('100000027', '99999999', '0', 'Protein deviation from declaration', 1463600277, 1463496633, '2', '%', 'PROTEINDEVIATION', '0,0,0,0,0,0', '0', '0', '0', '0', '0', '', 0),
('100000028', '99999999', '0', 'Fat measurement - declaration', 1463600277, 1463496633, '2', 'g/100g', 'FATMEASUREDTODECLARED', '0,0,0,0,0,0', '0', '0', '0', '0', '0', '', 0),
('100000029', '99999999', '0', 'Fat deviation from declaration', 1463600277, 1463496633, '2', '%', 'FATDEVIATION', '0,0,0,0,0,0', '0', '0', '0', '0', '0', '', 0),
('100000030', '99999999', '0', 'Calcium measurement - declaration', 1463600277, 1463496633, '2', 'mg/100g', 'CALCIUMMEASUREDTODECLARED', '0,0,0,0,0,0', '0', '0', '0', '0', '0', '', 0),
('100000031', '99999999', '0', 'Calcium deviation from declaration', 1463600277, 1463496633, '2', '%', 'CALCIUMDEVIATION', '0,0,0,0,0,0', '0', '0', '0', '0', '0', '', 0),
('100000032', '99999999', '0', 'Info on protein enrichment', 1463600277, 1463496633, '0', '', 'PROTEINENRICHMENTINFO', '0,0,0,0,0,0', '0', '0', '0', '0', '0', '', 0),
('100000033', '99999999', '0', 'Big 4: energy, protein, carbohydrates, fat', 1463600277, 1463496633, '0', '', 'BIG4', '0,0,0,0,0,0', '0', '0', '0', '0', '0', '', 0),
('100000034', '99999999', '0', 'Big 5: energy, fat, saturated fatty acids, sugar, salt', 1463600277, 1463496633, '0', '', 'BIG5', '0,0,0,0,0,0', '0', '0', '0', '0', '0', '', 0),
('100000035', '99999999', '0', 'Big 7: energy, protein, fat, saturated fatty acids, carbohydrates, sugar, salt', 1463600277, 1463496633, '0', '', 'BIG7', '0,0,0,0,0,0', '0', '0', '0', '0', '0', '', 0),
('100000096', '99999999', '0', 'Full info about storage', 1463600277, 1463517106, '0', '', 'STORAGEINFO', '0,0,0,0,0,0', '0', '0', '0', '0', '0', '', 0),
('100000097', '99999999', '0', 'Full info about producer or bottler', 1463600277, 1463517106, '0', '', 'PRODUCERINFO', '0,0,0,0,0,0', '0', '0', '0', '0', '0', '', 0),
('100000098', '99999999', '0', 'Full info about distributor', 1463600277, 1463517106, '0', '', 'DISTRIBUTORINFO', '0,0,0,0,0,0', '0', '0', '0', '0', '0', '', 0),
('100000099', '99999999', '0', 'Info on heat treatment and the homogenization', 1463600277, 1463517106, '0', '', 'TREATMENTINFO', '0,0,0,0,0,0', '0', '0', '0', '0', '0', '', 0),
('100000100', '99999999', '0', 'Labeling of organic / biological production', 1463600277, 1463517106, '0', '', 'ORGANIC_BIOLOGICAL_LABELING', '0,0,0,0,0,0', '0', '0', '0', '0', '0', '', 0),
('100000101', '99999999', '0', 'Info about organic / biological control', 1463600277, 1463517106, '0', '', 'ORGANIC_BIOLOGICAL_CONTROL', '0,0,0,0,0,0', '0', '0', '0', '0', '0', '', 0),
('100000102', '99999999', '0', 'Stating "free of genetic engineering"', 1463600277, 1463517106, '0', '', 'GENETICENGINEERINGFREE', '0,0,0,0,0,0', '0', '0', '0', '0', '0', '', 0),
('100000103', '99999999', '0', 'Info incl. illustrations on farming of cows', 1463600277, 1463517106, '0', '', 'FARMINGINFO', '0,0,0,0,0,0', '0', '0', '0', '0', '0', '', 0),
('100000104', '99999999', '0', 'Info on geographical origin of milk', 1463600277, 1463517106, '0', '', 'GEOGRAPHICALORIGIN', '0,0,0,0,0,0', '0', '0', '0', '0', '0', '', 0),
('100000105', '99999999', '0', 'Special praise of the product by pictograms, pictures and slogans', 1463600277, 1463517106, '0', '', 'SPECIALPRAISE', '0,0,0,0,0,0', '0', '0', '0', '0', '0', '', 0),
('100000106', '99999999', '0', 'Disease-related advertising claims ', 1463600277, 1463517106, '0', '', 'DISEASERELATEDCLAIMS', '0,0,0,0,0,0', '0', '0', '0', '0', '0', '', 0),
('100000107', '99999999', '0', 'Misnomer info', 1463600277, 1463517106, '0', '', 'MISNOMERINFO', '0,0,0,0,0,0', '0', '0', '0', '0', '0', '', 0),
('100000108', '99999999', '0', 'Advertise with test results', 1463600277, 1463517106, '0', '', 'ADWITHTESTRESULT', '0,0,0,0,0,0', '0', '0', '0', '0', '0', '', 0),
('100000109', '99999999', '0', 'Readable font size of all info', 1463600277, 1463517106, '0', '', 'READABLEFONTSIZE', '0,0,0,0,0,0', '0', '0', '0', '0', '0', '', 0),
('100000110', '99999999', '0', 'Readable printed or stamped numbers', 1463600277, 1463517106, '0', '', 'READABLENUMBERS', '0,0,0,0,0,0', '0', '0', '0', '0', '0', '', 0),
('100000111', '99999999', '0', 'High colour contrast', 1463600277, 1463517106, '0', '', 'HIGHCOLOURCONTRAST', '0,0,0,0,0,0', '0', '0', '0', '0', '0', '', 0),
('100000036', '99999999', '0', 'Protein (N multiple 6.38)', 1465452238, 1463496633, '2', 'g/100g', 'PROTEIN', '0,0,0,0,0,0', '0', '0', '0', '0', '0', '', 0),
('100000037', '99999999', '0', 'Fat', 1463600277, 1463496633, '2', 'g/100g', 'FAT', '0,0,0,0,0,0', '0', '0', '0', '0', '0', '', 0),
('100000038', '99999999', '0', 'Calcium (Ca)', 1463600277, 1463496633, '2', 'mg/kg', 'CALCIUM', '0,0,0,0,0,0', '0', '0', '0', '0', '0', '', 0),
('100000039', '99999999', '0', 'Non-protein nitrogen (NPN)', 1463600277, 1463496633, '3', 'g/100g', 'NONPROTEINNITROGEN', '0,0,0,0,0,0', '0', '0', '0', '0', '0', '', 0),
('100000040', '99999999', '0', 'NPN share in total nitrogen', 1465452238, 1463496633, '2', '%', 'NPNOFTOTALN', '0,0,0,0,0,0', '0', '0', '0', '0', '0', '', 0),
('100000041', '99999999', '0', 'Bacterial count', 1463600277, 1463496633, '0', 'KBE/g', 'BACTERIALCOUNT', '0,0,0,0,0,0', '0', '0', '0', '0', '0', '', 0),
('100000042', '99999999', '0', 'Salmonella (qualitative in 25g)', 1463600277, 1463496633, '0', '', 'SALMONELLA', '0,0,0,0,0,0', '0', '0', '0', '0', '0', '', 0),
('100000061', '99999999', '0', 'WHO-TEQ of PCDD/F incl. LOQ', 1465452238, 1463496633, '3', 'ng/kg', 'TEGDIOXINLOQ', '0,0,0,0,0,0', '0', '0', '0', '0', '0', '', 0),
('100000077', '99999999', '0', 'WHO-TEQ of PCDD/F and PCB incl. LOQ', 1465452238, 1463496633, '3', 'ng/kg', 'TOTALTEQDIOXINANDDLPCBLOQ', '0,0,0,0,0,0', '0', '0', '0', '0', '0', '', 0),
('100000085', '99999999', '0', 'Sum of 6 ndl PCB incl. LOQ (ICES-6) ', 1463600277, 1463496633, '0', 'ng/kg', 'SUM6NDLPCBLOQ', '0,0,0,0,0,0', '0', '0', '0', '0', '0', '', 0),
('100000086', '99999999', '0', 'Arsenic (As)', 1465452238, 1463496633, '0', 'mg/kg', 'ARSENIC', '0,0,0,0,0,0', '0', '0', '0', '0', '0', '', 0),
('100000087', '99999999', '0', 'Lead (Pb)', 1465452238, 1463496633, '0', 'mg/kg', 'LEAD', '0,0,0,0,0,0', '0', '0', '0', '0', '0', '', 0),
('100000088', '99999999', '0', 'Cadmium (Cd)', 1465452238, 1463496633, '0', 'mg/kg', 'CADMIUM', '0,0,0,0,0,0', '0', '0', '0', '0', '0', '', 0),
('100000089', '99999999', '0', 'Mercury (Hg)', 1465452238, 1463496633, '0', 'mg/kg', 'MERCURY', '0,0,0,0,0,0', '0', '0', '0', '0', '0', '', 0),
('100000090', '99999999', '0', 'Chromium (Cr)', 1465452238, 1463496633, '0', 'mg/kg', 'CHROMIUM', '0,0,0,0,0,0', '0', '0', '0', '0', '0', '', 0),
('100000091', '99999999', '0', 'Inhibitor tests', 1464032793, 1463496633, '0', '', 'INHIBITORTEST', '0,0,0,0,0,0', '0', '0', '0', '0', '0', '', 0),
('100000112', '99999999', '0', 'Protein measurement 5+% higher than declaration ', 1463600277, 1463517106, '0', '', 'PROTEINMEASUREMENT5HIGHER', '0,0,0,0,0,0', '0', '0', '0', '0', '0', '', 0),
('100000113', '99999999', '0', 'Fat measurement 5+% higher than declaration ', 1463600277, 1463517106, '0', '', 'FATMEASUREMENT5HIGHER', '0,0,0,0,0,0', '0', '0', '0', '0', '0', '', 0),
('100000114', '99999999', '0', 'Calcium measurement 10+% higher than declaration ', 1463600277, 1463517106, '0', '', 'CALCIUMMEASUREMENT10HIGHER', '0,0,0,0,0,0', '0', '0', '0', '0', '0', '', 0),
('100000115', '99999999', '0', 'Most complete info about nutritional values', 1463600277, 1463517106, '0', '', 'INFOABOUTNUTRITIONALVALUES', '0,0,0,0,0,0', '0', '0', '0', '0', '0', '', 0),
('100000116', '99999999', '0', 'Protein > 3.3 g/100g', 1463600277, 1463517106, '0', '', 'PROTEIN33G100G', '0,0,0,0,0,0', '0', '0', '0', '0', '0', '', 0),
('100000117', '99999999', '0', 'Fat > 3.7 g/100g', 1463600277, 1463517106, '0', '', 'FAT37G100G', '0,0,0,0,0,0', '0', '0', '0', '0', '0', '', 0),
('100000118', '99999999', '0', 'No bacteria found', 1463600277, 1463517106, '0', '', 'NOBACTERIAFOUND', '0,0,0,0,0,0', '0', '0', '0', '0', '0', '', 0),
('100000119', '99999999', '0', 'Salmonella negative', 1463600277, 1463517106, '0', '', 'SALMONELLANEGATIVE', '0,0,0,0,0,0', '0', '0', '0', '0', '0', '', 0),
('100000120', '99999999', '0', 'Inhibitor tests negative', 1463600277, 1463517106, '0', '', 'INHIBITORTESTSNEGATIVE', '0,0,0,0,0,0', '0', '0', '0', '0', '0', '', 0),
('100000121', '99999999', '0', 'Natural protein content', 1463600277, 1463517106, '0', '', 'NATURALPROTEIN', '0,0,0,0,0,0', '0', '0', '0', '0', '0', '', 0),
('100000145', '99999999', '0', 'Heavy metals under LOQ', 1465452238, 1465452238, '0', '', 'HEAVYMETALSUNDERREGULATION', '0,0,0,0,0,0', '0', '0', '0', '0', '0', '', 0),
('100000146', '99999999', '0', 'Aflatoxin M1 under LOQ', 1465452238, 1465452238, '0', '', 'AFLATOXINUNDERREGULATION', '0,0,0,0,0,0', '0', '0', '0', '0', '0', '', 0),
('100000147', '99999999', '0', 'Pesticides under LOQ', 1465452238, 1465452238, '0', '', 'PESTICIDESUNDERREGULATION', '0,0,0,0,0,0', '0', '0', '0', '0', '0', '', 0),
('100000125', '99999999', '0', 'Protein measurement 5+% lower than declaration ', 1463600277, 1463517106, '0', '', 'PROTEINMEASUREMENT5LOWER', '0,0,0,0,0,0', '0', '0', '0', '0', '0', '', 0),
('100000126', '99999999', '0', 'Fat measurement 5+% lower than declaration ', 1463600277, 1463517106, '0', '', 'FATMEASUREMENT5LOWER', '0,0,0,0,0,0', '0', '0', '0', '0', '0', '', 0),
('100000127', '99999999', '0', 'Calcium measurement 5+% lower than declaration ', 1463600277, 1463517106, '0', '', 'CALCIUMMEASUREMENT5LOWER', '0,0,0,0,0,0', '0', '0', '0', '0', '0', '', 0),
('100000128', '99999999', '0', 'Protein < 3.0 g/100g', 1463600277, 1463517106, '0', '', 'PROTEIN30G100G', '0,0,0,0,0,0', '0', '0', '0', '0', '0', '', 0),
('100000129', '99999999', '0', 'Fat < 3.5 g/100g', 1463600277, 1463517106, '0', '', 'FAT34G100G', '0,0,0,0,0,0', '0', '0', '0', '0', '0', '', 0),
('100000130', '99999999', '0', 'Bacteria found', 1463600277, 1463517106, '0', '', 'BACTERIAFOUND', '0,0,0,0,0,0', '0', '0', '0', '0', '0', '', 0),
('100000131', '99999999', '0', 'WHO-TEQ of PCDD/F 50+% higher than regulation of 2.5 ng/kg', 1465452238, 1463517106, '0', '', 'TEQOFDIOXINS50HIGHER', '0,0,0,0,0,0', '0', '0', '0', '0', '0', '', 0),
('100000132', '99999999', '0', 'WHO-TEQ of PCDD/F close to the trigger value of 1.75 ng/kg', 1465452238, 1463517106, '0', '', 'TEQOFDIOXINSCLOSETOTHTRIGGERVALUE', '0,0,0,0,0,0', '0', '0', '0', '0', '0', '', 0),
('100000133', '99999999', '0', 'WHO-TEQ of PCDD/F and PCB higher than regulation of 5.5 ng/kg', 1465452238, 1463517106, '0', '', 'TEQOFPCDDFANDDLPCBHIGHER', '0,0,0,0,0,0', '0', '0', '0', '0', '0', '', 0),
('100000141', '99999999', '0', 'No clear info about producer or bottler', 1463600277, 1463600277, '0', '', 'NOCLEARPRODUCERINFO', '0,0,0,0,0,0', '0', '0', '0', '0', '0', '', 0),
('100000142', '99999999', '0', 'Pictorial representation for grazing of cows', 1463600277, 1463600277, '0', '', 'PICTORIALREPRESENTATIONFORGRAZING', '0,0,0,0,0,0', '0', '0', '0', '0', '0', '', 0),
('100000143', '99999999', '0', 'Special praise by pictograms & slogans', 1463600277, 1463600277, '0', '', 'SPECIALPRAISEBYPICTOGRAMSSLOGANS', '0,0,0,0,0,0', '0', '0', '0', '0', '0', '', 0);

-- --------------------------------------------------------

--
-- 表的结构 `manufacturers`
--

CREATE TABLE IF NOT EXISTS `manufacturers` (
  `comment` varchar(45) DEFAULT NULL,
  `name` varchar(45) DEFAULT NULL,
  `timestamp_lastchange` int(11) DEFAULT NULL,
  `timestamp_lastcreated` int(11) DEFAULT NULL,
  `id_manufacturer` varchar(20) NOT NULL,
  PRIMARY KEY (`id_manufacturer`)
) ENGINE=MyISAM DEFAULT CHARSET=utf8;

--
-- 转存表中的数据 `manufacturers`
--

INSERT INTO `manufacturers` (`comment`, `name`, `timestamp_lastchange`, `timestamp_lastcreated`, `id_manufacturer`) VALUES
('', 'SANYUAN', 0, 1463496597, '1'),
('', 'MENGNIU', 1465617861, 1463496597, '2'),
('', 'Yili', 1465617878, 1463496597, '3'),
('', 'Nestle', 0, 1463496597, '5'),
('', 'Oldenburger', 0, 1463496597, '6'),
('', 'SUNSIDES', 1465617946, 1463496597, '7'),
('', 'MUH', 0, 1463496597, '8'),
('', 'Weidendorf', 0, 1463496597, '9'),
('', 'hochwald', 1465618007, 1463496597, '10'),
('', 'SUKI', 0, 1463496597, '11'),
('', 'brightdairy', 0, 1463600221, '12');

-- --------------------------------------------------------

--
-- 表的结构 `productgroups`
--

CREATE TABLE IF NOT EXISTS `productgroups` (
  `id_productgroup` varchar(20) NOT NULL,
  `comment` varchar(45) DEFAULT NULL,
  `name` varchar(45) DEFAULT NULL,
  `timestamp_lastchange` int(12) DEFAULT NULL,
  `timestamp_created` int(12) DEFAULT NULL,
  PRIMARY KEY (`id_productgroup`)
) ENGINE=MyISAM DEFAULT CHARSET=utf8;

--
-- 转存表中的数据 `productgroups`
--

INSERT INTO `productgroups` (`id_productgroup`, `comment`, `name`, `timestamp_lastchange`, `timestamp_created`) VALUES
('1', '', 'food:milk', 0, 1463496604);

-- --------------------------------------------------------

--
-- 表的结构 `products`
--

CREATE TABLE IF NOT EXISTS `products` (
  `id_product` varchar(20) NOT NULL,
  `id_productgroup` varchar(20) NOT NULL,
  `id_manufacturer` varchar(20) NOT NULL,
  `icrt_code` varchar(45) DEFAULT NULL,
  `timestamp_lastchange` int(12) DEFAULT NULL,
  `timestamp_created` int(12) DEFAULT NULL,
  `picture_hires` varchar(45) DEFAULT NULL,
  `picture_lores` varchar(45) DEFAULT NULL,
  `similarmodelscodes` varchar(45) DEFAULT NULL,
  `parentmodelcode` varchar(45) DEFAULT NULL,
  `labcode` varchar(20) DEFAULT NULL,
  `batch` varchar(20) DEFAULT NULL,
  `sortorder` varchar(20) DEFAULT NULL,
  `articlenumber` varchar(30) DEFAULT NULL,
  `serialnumber` varchar(30) DEFAULT NULL,
  `boughtbyorganisation` varchar(20) DEFAULT NULL,
  `labarrivaldate` varchar(45) DEFAULT NULL,
  `labreportdate` varchar(45) DEFAULT NULL,
  `releasedate` varchar(45) DEFAULT NULL,
  `systemmodelid` varchar(45) DEFAULT NULL,
  `shortname` varchar(45) DEFAULT NULL,
  `completename` varchar(45) DEFAULT NULL,
  `modelname` varchar(45) DEFAULT NULL,
  PRIMARY KEY (`id_product`),
  KEY `fk_products_productgroups1_idx` (`id_productgroup`),
  KEY `fk_products_manufacturers1_idx` (`id_manufacturer`)
) ENGINE=MyISAM DEFAULT CHARSET=utf8;

--
-- 转存表中的数据 `products`
--

INSERT INTO `products` (`id_product`, `id_productgroup`, `id_manufacturer`, `icrt_code`, `timestamp_lastchange`, `timestamp_created`, `picture_hires`, `picture_lores`, `similarmodelscodes`, `parentmodelcode`, `labcode`, `batch`, `sortorder`, `articlenumber`, `serialnumber`, `boughtbyorganisation`, `labarrivaldate`, `labreportdate`, `releasedate`, `systemmodelid`, `shortname`, `completename`, `modelname`) VALUES
('1', '1', '1', 'PT16585-0001-00', 1465544707, 1463496609, '', '', '', '', '15-129764-01', '1601', '1', '', '', 'COTEST', '2015-09-29T00:00:00.000', '2016-02-19T00:00:00.000', '2016-06-29T00:00:00.000', '', '', 'SANYUAN Pure milk', 'Pure milk'),
('2', '1', '2', 'PT16585-0002-00', 1465452214, 1463496609, '', '', '', '', '15-129764-02', '1601', '2', '', '', 'COTEST', '2015-09-29T00:00:00.000', '2016-02-19T00:00:00.000', '2016-06-29T00:00:00.000', '', '', 'MENGNIU Pure milk', 'Pure milk'),
('3', '1', '3', 'PT16585-0003-00', 1465452214, 1463496609, '', '', '', '', '15-129764-03', '1601', '3', '', '', 'COTEST', '2015-09-29T00:00:00.000', '2016-02-19T00:00:00.000', '2016-06-29T00:00:00.000', '', '', 'Yili Pure milk', 'Pure milk'),
('4', '1', '12', 'PT16585-0004-00', 1465452214, 1463496609, '', '', '', '', '15-129764-04', '1601', '4', '', '', 'COTEST', '2015-09-29T00:00:00.000', '2016-02-19T00:00:00.000', '2016-06-29T00:00:00.000', '', '', 'brightdairy Pure milk', 'Pure milk'),
('5', '1', '5', 'PT16585-0005-00', 1465452214, 1463496609, '', '', '', '', '15-129764-05', '1601', '5', '', '', 'COTEST', '2015-09-29T00:00:00.000', '2016-02-19T00:00:00.000', '2016-06-29T00:00:00.000', '', '', 'Nestle Full cream milk ', 'Full cream milk '),
('6', '1', '6', 'PT16585-0006-00', 1465452214, 1463496609, '', '', '', '', '15-129764-06', '1601', '6', '', '', 'COTEST', '2015-09-29T00:00:00.000', '2016-02-19T00:00:00.000', '2016-06-29T00:00:00.000', '', '', 'Oldenburger Pure milk', 'Pure milk'),
('7', '1', '7', 'PT16585-0007-00', 1465452214, 1463496609, '', '', '', '', '15-129764-07', '1601', '7', '', '', 'COTEST', '2015-09-29T00:00:00.000', '2016-02-19T00:00:00.000', '2016-06-29T00:00:00.000', '', '', 'SUNSIDES Whole milk ', 'Whole milk '),
('8', '1', '8', 'PT16585-0008-00', 1465452214, 1463496609, '', '', '', '', '15-129764-08', '1601', '8', '', '', 'COTEST', '2015-09-29T00:00:00.000', '2016-02-19T00:00:00.000', '2016-06-29T00:00:00.000', '', '', 'MUH Pure milk', 'Pure milk'),
('9', '1', '9', 'PT16585-0009-00', 1465452214, 1463496609, '', '', '', '', '15-129764-09', '1601', '9', '', '', 'COTEST', '2015-09-29T00:00:00.000', '2016-02-19T00:00:00.000', '2016-06-29T00:00:00.000', '', '', 'Weidendorf Pure milk', 'Pure milk'),
('10', '1', '10', 'PT16585-0010-00', 1465452214, 1463496609, '', '', '', '', '15-129764-10', '1601', '10', '', '', 'COTEST', '2015-09-29T00:00:00.000', '2016-02-19T00:00:00.000', '2016-06-29T00:00:00.000', '', '', 'hochwald Whole milk ', 'Whole milk '),
('11', '1', '11', 'PT16585-0011-00', 1465452214, 1463496609, '', '', '', '', '15-129764-11', '1601', '11', '', '', 'COTEST', '2015-09-29T00:00:00.000', '2016-02-19T00:00:00.000', '2016-06-29T00:00:00.000', '', '', 'SUKI Whole milk ', 'Whole milk ');

-- --------------------------------------------------------

--
-- 表的结构 `propertygroups`
--

CREATE TABLE IF NOT EXISTS `propertygroups` (
  `id_propertygroup` varchar(20) NOT NULL,
  `comment` varchar(45) DEFAULT NULL,
  `name` varchar(45) DEFAULT NULL,
  `timestamp_lastchange` int(12) DEFAULT NULL,
  `timestamp_created` int(12) DEFAULT NULL,
  PRIMARY KEY (`id_propertygroup`)
) ENGINE=MyISAM DEFAULT CHARSET=utf8;

--
-- 转存表中的数据 `propertygroups`
--

INSERT INTO `propertygroups` (`id_propertygroup`, `comment`, `name`, `timestamp_lastchange`, `timestamp_created`) VALUES
('1', '', 'Test Samples', 1465617240, 1463496629),
('2', '', 'Declaration', 0, 1463496629),
('3', '', 'Quantitative', 0, 1463496629),
('4', '', 'Qualitative ', 0, 1463496629),
('5', '', 'Nutritional Value', 1465617228, 1463496629),
('6', '', 'Non-protein Nitrogen', 1465617220, 1463496629),
('7', '', 'Microbiology', 0, 1463496629),
('8', '', 'Contaminants', 0, 1463496629),
('10', '', 'Dioxins', 1465617106, 1463496629),
('11', '', 'Dioxin-like PCB', 1465617087, 1463496629),
('12', '', 'Non-dioxin-ike P', 1465617144, 1463496629),
('13', '', 'Heavy Metal', 1465617170, 1463496629),
('14', '', 'Inhibitor Test', 1465617179, 1463496629),
('15', '', 'Aflatoxin', 0, 1463496629),
('17', '', 'Characteristics', 0, 1463517091),
('18', '', 'Pros', 0, 1463517091),
('19', '', 'Cons', 0, 1463517091),
('20', '', 'Pesticides', 0, 1463600267);

-- --------------------------------------------------------

--
-- 表的结构 `propertys`
--

CREATE TABLE IF NOT EXISTS `propertys` (
  `id_property` varchar(20) NOT NULL DEFAULT '',
  `id_propertygroup` varchar(20) NOT NULL,
  `type` varchar(20) DEFAULT NULL,
  `comment` varchar(45) DEFAULT NULL,
  `name` varchar(200) DEFAULT NULL,
  `timestamp_lastchange` int(12) DEFAULT NULL,
  `timestamp_created` int(12) DEFAULT NULL,
  `testprogram` varchar(20) DEFAULT NULL,
  `use` varchar(10) DEFAULT NULL,
  `precision` varchar(45) DEFAULT NULL,
  `unit` varchar(45) DEFAULT NULL,
  `min` varchar(45) DEFAULT NULL,
  `max` varchar(45) DEFAULT NULL,
  `binding` varchar(45) DEFAULT NULL,
  `selected` int(11) DEFAULT '0',
  PRIMARY KEY (`id_property`),
  KEY `fk_propertys_propertygroups1_idx` (`id_propertygroup`)
) ENGINE=MyISAM DEFAULT CHARSET=utf8;

--
-- 转存表中的数据 `propertys`
--

INSERT INTO `propertys` (`id_property`, `id_propertygroup`, `type`, `comment`, `name`, `timestamp_lastchange`, `timestamp_created`, `testprogram`, `use`, `precision`, `unit`, `min`, `max`, `binding`, `selected`) VALUES
('1', '1', 'String', '', 'Brand', 1463496633, 1463496633, 'A.2.1', '1', '0', '', '', '', 'BRAND', 0),
('3', '1', 'String', '', 'Specification', 1463600277, 1463496633, 'A.2.5', '1', '0', '', '', '', 'SPECIFICATION', 0),
('4', '1', 'String', '', 'Packing', 1463600277, 1463496633, 'A.2.6', '1', '0', '', '', '', 'PACKING', 0),
('5', '1', 'String', '', 'Country of production (stated)', 1463600277, 1463496633, 'A.2.7', '1', '0', '', '', '', 'PRODUCTIONCOUNTRY', 0),
('6', '1', 'String', '', 'Producer', 1463600277, 1463496633, 'A.2.8', '1', '0', '', '', '', 'PRODUCER', 0),
('7', '1', 'String', '', 'Charge number of product', 1463600277, 1463496633, 'A.2.10', '1', '0', '', '', '', 'CHARGE', 0),
('8', '1', 'String', '', 'Bar code of product', 1463600277, 1463496633, 'A.2.11', '1', '0', '', '', '', 'BARCODE', 0),
('9', '1', 'String', '', 'Production date (stated)', 1463600277, 1463496633, 'A.2.12', '1', '0', '', '', '', 'PRODUCTIONDATE', 0),
('10', '1', 'String', '', 'Expiry date', 1463600277, 1463496633, 'A.2.13', '0', '0', '', '', '', 'EXPIRATIONDATE', 0),
('12', '1', 'Numeric', '', 'Volume (stated)', 1463600277, 1463496633, 'A.2.15', '1', '3', 'liter', '0', '100', 'VOLUME', 0),
('13', '1', 'String', '', 'Bought at shop', 1463600277, 1463496633, 'A.2.16', '1', '0', '', '', '', 'SHOP', 0),
('14', '1', 'String', '', 'Shopping date', 1463600277, 1463496633, 'A.2.17', '0', '0', '', '', '', 'SHOPPINGDATE', 0),
('15', '1', 'Numeric', '', 'Paid price', 1463600277, 1463496633, 'A.2.18', '1', '2', 'CNY', '1', '200', 'PAIDPRICE', 0),
('16', '1', 'Numeric', '', 'Price per liter', 1465616740, 1463496633, 'A.2.19', '1', '2', 'CNY', '1', '100', 'PRICEPROLITER', 0),
('17', '3', 'Numeric', '', 'Energy declared', 1463600277, 1463496633, 'A.3.1.1', '0', '2', 'kj/100ml', '0', '1000', 'ENERGY', 0),
('18', '3', 'Numeric', '', 'Protein declared', 1463600277, 1463496633, 'A.3.1.2', '1', '2', 'g/100ml', '0', '10', 'PROTEINDECLARED', 0),
('19', '3', 'Numeric', '', 'Fat declared', 1463600277, 1463496633, 'A.3.1.3', '1', '2', 'g/100ml', '0', '10', 'FATDECLARED', 0),
('23', '3', 'Numeric', '', 'Sodium declared', 1463600277, 1463496633, 'A.3.1.7', '0', '2', 'mg/100ml', '0', '100', 'SODIUM', 0),
('24', '3', 'Numeric', '', 'Calcium declared', 1463600277, 1463496633, 'A.3.1.8', '1', '2', 'mg/100ml', '0', '1000', 'CALCIUMDECLARED', 0),
('25', '3', 'Numeric', '', 'Vitamin D declared', 1463600277, 1463496633, 'A.3.1.9', '0', '2', 'µg/100ml', '0', '10', 'VITAMIND', 0),
('26', '3', 'Numeric', '', 'Protein measurement - declaration ', 1463600277, 1463496633, 'A.3.1.10', '1', '2', 'g/100g', '-10', '10', 'PROTEINMEASUREDTODECLARED', 0),
('27', '3', 'Numeric', '', 'Protein deviation from declaration', 1463600277, 1463496633, 'A.3.1.11', '2', '2', '%', '-100', '100', 'PROTEINDEVIATION', 0),
('28', '3', 'Numeric', '', 'Fat measurement - declaration', 1463600277, 1463496633, 'A.3.1.12', '1', '2', 'g/100g', '-10', '10', 'FATMEASUREDTODECLARED', 0),
('29', '3', 'Numeric', '', 'Fat deviation from declaration', 1463600277, 1463496633, 'A.3.1.13', '2', '2', '%', '-100', '100', 'FATDEVIATION', 0),
('30', '3', 'Numeric', '', 'Calcium measurement - declaration', 1463600277, 1463496633, 'A.3.1.14', '1', '2', 'mg/100g', '-1000', '1000', 'CALCIUMMEASUREDTODECLARED', 0),
('31', '3', 'Numeric', '', 'Calcium deviation from declaration', 1463600277, 1463496633, 'A.3.1.15', '2', '2', '%', '-100', '100', 'CALCIUMDEVIATION', 0),
('32', '4', 'Boolean', '', 'Info on protein enrichment', 1463600277, 1463496633, 'A.3.2.1', '2', '0', '', '', '', 'PROTEINENRICHMENTINFO', 0),
('33', '4', 'Boolean', '', 'Big 4: energy, protein, carbohydrates, fat', 1463600277, 1463496633, 'A.3.2.3', '2', '0', '', '', '', 'BIG4', 0),
('34', '4', 'Boolean', '', 'Big 5: energy, fat, saturated fatty acids, sugar, salt', 1463600277, 1463496633, 'A.3.2.5', '2', '0', '', '', '', 'BIG5', 0),
('35', '4', 'Boolean', '', 'Big 7: energy, protein, fat, saturated fatty acids, carbohydrates, sugar, salt', 1463600277, 1463496633, 'A.3.2.7', '2', '0', '', '', '', 'BIG7', 0),
('36', '5', 'Numeric', 'Bezüglich der Nährwertkennzeichnung: „Guidanc', 'Protein (N multiple 6.38)', 1465452238, 1463496633, 'B.1', '2', '2', 'g/100g', '0', '10', 'PROTEIN', 0),
('37', '5', 'Numeric', 'see Protein', 'Fat', 1463600277, 1463496633, 'B.2', '2', '2', 'g/100g', '0', '10', 'FAT', 0),
('38', '5', 'Numeric', '', 'Calcium (Ca)', 1463600277, 1463496633, 'B.3', '2', '2', 'mg/kg', '0', '2000', 'CALCIUM', 0),
('39', '6', 'Numeric', '', 'Non-protein nitrogen (NPN)', 1463600277, 1463496633, 'C.1', '1', '3', 'g/100g', '0', '10', 'NONPROTEINNITROGEN', 0),
('40', '6', 'Numeric', 'Nach Methodenbuch Milch VDLUFA (Verband deuts', 'NPN share in total nitrogen', 1465452238, 1463496633, 'C.2', '2', '2', '%', '0', '100', 'NPNOFTOTALN', 0),
('41', '7', 'Numeric', '', 'Bacterial count', 1463600277, 1463496633, 'D.1', '2', '0', 'KBE/g', '0', '1000', 'BACTERIALCOUNT', 0),
('42', '7', 'String', 'Negativ, Verordnung (EG) Nr. 2073/2005 der Ko', 'Salmonella (qualitative in 25g)', 1463600277, 1463496633, 'D.2', '2', '0', '', '', '', 'SALMONELLA', 0),
('43', '10', 'String', '', '2,3,7,8-TCDD', 1463600277, 1463496633, 'E.1.1.1', '0', '0', 'ng/kg', '', '', '2_3_7_8_TCDD', 0),
('44', '10', 'String', '', '1,2,3,7,8 PeCDD', 1463600277, 1463496633, 'E.1.1.2', '0', '0', 'ng/kg', '', '', '1_2_3_7_8_PECDD', 0),
('45', '10', 'String', '', '1,2,3,4,7,8-HxCDD', 1463600277, 1463496633, 'E.1.1.3', '0', '0', 'ng/kg', '', '', '1_2_3_4_7_8_HXCDD', 0),
('46', '10', 'String', '', '1,2,3,6,7,8 HxCDD', 1463600277, 1463496633, 'E.1.1.4', '0', '0', 'ng/kg', '', '', '1_2_3_6_7_8_HXCDD', 0),
('47', '10', 'String', '', '1,2,3,7,8,9-HxCDD', 1463600277, 1463496633, 'E.1.1.5', '0', '0', 'ng/kg', '', '', '1_2_3_7_8_9_HXCDD', 0),
('48', '10', 'String', '', '1,2,3,4,6,7,8-HpCDD', 1463600277, 1463496633, 'E.1.1.6', '0', '0', 'ng/kg', '', '', '1_2_3_4_6_7_8_HPCDD', 0),
('49', '10', 'String', '', 'Octa CDD', 1463600277, 1463496633, 'E.1.1.7', '0', '0', 'ng/kg', '', '', 'OCTACDD', 0),
('50', '10', 'String', '', '2,3,7,8-TCDF', 1463600277, 1463496633, 'E.1.1.8', '0', '0', 'ng/kg', '', '', '2_3_7_8_TCDF', 0),
('51', '10', 'String', '', '1,2,3,7,8 PeCDF', 1463600277, 1463496633, 'E.1.1.9', '0', '0', 'ng/kg', '', '', '1_2_3_7_8_PECDF', 0),
('52', '10', 'String', '', '2,3,4,7,8-PeCDF', 1463600277, 1463496633, 'E.1.1.10', '0', '0', 'ng/kg', '', '', '2_3_4_7_8_PECDF', 0),
('53', '10', 'String', '', '1,2,3,4,7,8-HxCDF', 1463600277, 1463496633, 'E.1.1.11', '0', '0', 'ng/kg', '', '', '1_2_3_4_7_8_HXCDF', 0),
('54', '10', 'String', '', '1,2,3,6,7,8 HxCDF', 1463600277, 1463496633, 'E.1.1.12', '0', '0', 'ng/kg', '', '', '1_2_3_6_7_8_HXCDF', 0),
('55', '10', 'String', '', '2,3,4,6,7,8-HxCDF', 1463600277, 1463496633, 'E.1.1.13', '0', '0', 'ng/kg', '', '', '2_3_4_6_7_8_HXCDF', 0),
('56', '10', 'String', '', '1,2,3,7,8,9-HxCDF', 1463600277, 1463496633, 'E.1.1.14', '0', '0', 'ng/kg', '', '', '1_2_3_7_8_9_HXCDF', 0),
('57', '10', 'String', '', '1,2,3,4,6,7,8-HpCDF', 1463600277, 1463496633, 'E.1.1.15', '0', '0', 'ng/kg', '', '', '1_2_3_4_6_7_8_HPCDF', 0),
('58', '10', 'String', '', '1,2,3,4,7,8,9-HpCDF', 1463600277, 1463496633, 'E.1.1.16', '0', '0', 'ng/kg', '', '', '1_2_3_4_7_8_9_HPCDF', 0),
('59', '10', 'String', '', 'Octa CDF', 1463600277, 1463496633, 'E.1.1.17', '0', '0', 'ng/kg', '', '', 'OCTACDF', 0),
('60', '10', 'Numeric', '', 'WHO-TEQ of PCDD/F excl. LOQ', 1465452238, 1463496633, 'E.1.1.18', '0', '3', 'ng/kg', '0', '10', 'TEQDIOXIN', 0),
('61', '10', 'Numeric', '', 'WHO-TEQ of PCDD/F incl. LOQ', 1465452238, 1463496633, 'E.1.1.19', '2', '3', 'ng/kg', '0', '10', 'TEGDIOXINLOQ', 0),
('62', '11', 'String', '', 'PCB-77', 1463600277, 1463496633, 'E.1.2.1', '0', '0', 'ng/kg', '', '', 'PCB_77', 0),
('63', '11', 'String', '', 'PCB-81', 1463600277, 1463496633, 'E.1.2.2', '0', '0', 'ng/kg', '', '', 'PCB_81', 0),
('64', '11', 'String', '', 'PCB-126', 1463600277, 1463496633, 'E.1.2.3', '0', '0', 'ng/kg', '', '', 'PCB_126', 0),
('65', '11', 'String', '', 'PCB-169', 1463600277, 1463496633, 'E.1.2.4', '0', '0', 'ng/kg', '', '', 'PCB_169', 0),
('66', '11', 'String', '', 'PCB-105', 1463600277, 1463496633, 'E.1.2.5', '0', '0', 'ng/kg', '', '', 'PCB_105', 0),
('67', '11', 'String', '', 'PCB-114', 1463600277, 1463496633, 'E.1.2.6', '0', '0', 'ng/kg', '', '', 'PCB_114', 0),
('68', '11', 'String', '', 'PCB-118', 1463600277, 1463496633, 'E.1.2.7', '0', '0', 'ng/kg', '', '', 'PCB_118', 0),
('69', '11', 'String', '', 'PCB-123', 1463600277, 1463496633, 'E.1.2.8', '0', '0', 'ng/kg', '', '', 'PCB_123', 0),
('70', '11', 'String', '', 'PCB-156', 1463600277, 1463496633, 'E.1.2.9', '0', '0', 'ng/kg', '', '', 'PCB_156', 0),
('71', '11', 'String', '', 'PCB-157', 1463600277, 1463496633, 'E.1.2.10', '0', '0', 'ng/kg', '', '', 'PCB_157', 0),
('72', '11', 'String', '', 'PCB-167', 1463600277, 1463496633, 'E.1.2.11', '0', '0', 'ng/kg', '', '', 'PCB_167', 0),
('73', '11', 'String', '', 'PCB-189', 1463600277, 1463496633, 'E.1.2.12', '0', '0', 'ng/kg', '', '', 'PCB_189', 0),
('74', '11', 'Numeric', '', 'WHO-TEQ of PCB excl. LOQ', 1465452238, 1463496633, 'E.1.2.13', '0', '3', 'ng/kg', '0', '10', 'TEQDLPCB', 0),
('75', '11', 'Numeric', '', 'WHO-TEQ of PCB incl. LOQ', 1465452238, 1463496633, 'E.1.2.14', '0', '3', 'ng/kg', '0', '10', 'TEQDLPCBLOQ', 0),
('76', '11', 'Numeric', '', 'WHO-TEQ of PCDD/F and PCB excl. LOQ', 1465452238, 1463496633, 'E.1.2.15', '0', '3', 'ng/kg', '0', '10', 'TOTALTEQDIOXINANDDLPCB', 0),
('77', '11', 'Numeric', 'VO(EG) Nr.1881/2006, Rohmilch und Milcherzeug', 'WHO-TEQ of PCDD/F and PCB incl. LOQ', 1465452238, 1463496633, 'E.1.2.16', '2', '3', 'ng/kg', '0', '10', 'TOTALTEQDIOXINANDDLPCBLOQ', 0),
('78', '12', 'String', '', 'PCB-28', 1463600277, 1463496633, 'E.1.3.1', '0', '0', 'ng/kg', '', '', 'PCB_28', 0),
('79', '12', 'String', '', 'PCB-52', 1463600277, 1463496633, 'E.1.3.2', '0', '0', 'ng/kg', '', '', 'PCB_52', 0),
('80', '12', 'String', '', 'PCB-101', 1463600277, 1463496633, 'E.1.3.3', '0', '0', 'ng/kg', '', '', 'PCB_101', 0),
('81', '12', 'String', '', 'PCB-138', 1463600277, 1463496633, 'E.1.3.4', '0', '0', 'ng/kg', '', '', 'PCB_138', 0),
('82', '12', 'String', '', 'PCB-153', 1463600277, 1463496633, 'E.1.3.5', '0', '0', 'ng/kg', '', '', 'PCB_153', 0),
('83', '12', 'String', '', 'PCB-180', 1463600277, 1463496633, 'E.1.3.6', '0', '0', 'ng/kg', '', '', 'PCB_180', 0),
('84', '12', 'String', '', 'Sum of 6 ndl PCB', 1463600277, 1463496633, 'E.1.3.7', '0', '0', 'ng/kg', '', '', 'SUM6NDLPCB', 0),
('85', '12', 'Numeric', 'VO(EG) Nr.1881/2006, Rohmilch und Milcherzeug', 'Sum of 6 ndl PCB incl. LOQ (ICES-6) ', 1463600277, 1463496633, 'E.1.3.8', '2', '0', 'ng/kg', '0', '100000', 'SUM6NDLPCBLOQ', 0),
('86', '13', 'String', 'keine Vorgabe', 'Arsenic (As)', 1465452238, 1463496633, 'E.2.1', '2', '0', 'mg/kg', '0', '0', 'ARSENIC', 0),
('87', '13', 'String', 'VO(EG) Nr.1881/2006, Rohmilch , wärmebehandel', 'Lead (Pb)', 1465452238, 1463496633, 'E.2.2', '2', '0', 'mg/kg', '0', '0', 'LEAD', 0),
('88', '13', 'String', 'keine Vorgabe', 'Cadmium (Cd)', 1465452238, 1463496633, 'E.2.3', '2', '0', 'mg/kg', '0', '0', 'CADMIUM', 0),
('89', '13', 'String', 'keine Vorgabe', 'Mercury (Hg)', 1465452238, 1463496633, 'E.2.4', '2', '0', 'mg/kg', '0', '0', 'MERCURY', 0),
('90', '13', 'String', 'keine Vorgabe', 'Chromium (Cr)', 1465452238, 1463496633, 'E.2.5', '2', '0', 'mg/kg', '0', '0', 'CHROMIUM', 0),
('91', '14', 'String', '', 'Inhibitor tests', 1464032793, 1463496633, 'E.3.1', '2', '0', '', '0', '0', 'INHIBITORTEST', 0),
('92', '15', 'String', 'Verordnung (EG) Nr. 1881/2006 der Kommission ', 'Aflatoxin M1', 1463600277, 1463496633, 'E.4.1', '0', '0', 'µg/kg', '', '', 'AFLATOXIN', 0),
('93', '20', 'String', '', 'Pesticides screening foods of animal origin', 1463600277, 1463496633, 'E.5.1', '0', '0', 'mg/kg', '', '', 'PESTICIDES', 0),
('145', '18', 'Boolean', '', 'Heavy metals under LOQ', 1465452238, 1465452238, 'F.1.11', '1', '0', '', '', '', 'HEAVYMETALSUNDERREGULATION', 0),
('95', '1', 'String', '', 'Distributor', 1463600277, 1463517106, 'A.2.9', '1', '0', '', '', '', 'DISTRIBUTOR', 0),
('96', '4', 'Boolean', '', 'Full info about storage', 1463600277, 1463517106, 'A.3.2.9', '2', '0', '', '', '', 'STORAGEINFO', 0),
('97', '4', 'Boolean', '', 'Full info about producer or bottler', 1463600277, 1463517106, 'A.3.2.11', '2', '0', '', '', '', 'PRODUCERINFO', 0),
('98', '4', 'Boolean', '', 'Full info about distributor', 1463600277, 1463517106, 'A.3.2.13', '2', '0', '', '', '', 'DISTRIBUTORINFO', 0),
('99', '4', 'Boolean', '', 'Info on heat treatment and the homogenization', 1463600277, 1463517106, 'A.3.2.15', '2', '0', '', '', '', 'TREATMENTINFO', 0),
('100', '4', 'Boolean', '', 'Labeling of organic / biological production', 1463600277, 1463517106, 'A.3.2.17', '2', '0', '', '', '', 'ORGANIC_BIOLOGICAL_LABELING', 0),
('101', '4', 'Boolean', '', 'Info about organic / biological control', 1463600277, 1463517106, 'A.3.2.19', '2', '0', '', '', '', 'ORGANIC_BIOLOGICAL_CONTROL', 0),
('102', '4', 'Boolean', '', 'Stating "free of genetic engineering"', 1463600277, 1463517106, 'A.3.2.21', '2', '0', '', '', '', 'GENETICENGINEERINGFREE', 0),
('103', '4', 'Boolean', '', 'Info incl. illustrations on farming of cows', 1463600277, 1463517106, 'A.3.2.23', '2', '0', '', '', '', 'FARMINGINFO', 0),
('104', '4', 'Boolean', '', 'Info on geographical origin of milk', 1463600277, 1463517106, 'A.3.2.25', '2', '0', '', '', '', 'GEOGRAPHICALORIGIN', 0),
('105', '4', 'Boolean', '', 'Special praise of the product by pictograms, pictures and slogans', 1463600277, 1463517106, 'A.3.2.27', '2', '0', '', '', '', 'SPECIALPRAISE', 0),
('106', '4', 'Boolean', '', 'Disease-related advertising claims ', 1463600277, 1463517106, 'A.3.2.29', '2', '0', '', '', '', 'DISEASERELATEDCLAIMS', 0),
('107', '4', 'Boolean', '', 'Misnomer info', 1463600277, 1463517106, 'A.3.2.31', '2', '0', '', '', '', 'MISNOMERINFO', 0),
('108', '4', 'Boolean', '', 'Advertise with test results', 1463600277, 1463517106, 'A.3.2.33', '2', '0', '', '', '', 'ADWITHTESTRESULT', 0),
('109', '4', 'Boolean', '', 'Readable font size of all info', 1463600277, 1463517106, 'A.3.2.35', '2', '0', '', '', '', 'READABLEFONTSIZE', 0),
('110', '4', 'Boolean', '', 'Readable printed or stamped numbers', 1463600277, 1463517106, 'A.3.2.37', '2', '0', '', '', '', 'READABLENUMBERS', 0),
('111', '4', 'Boolean', '', 'High colour contrast', 1463600277, 1463517106, 'A.3.2.39', '2', '0', '', '', '', 'HIGHCOLOURCONTRAST', 0),
('112', '18', 'Boolean', '', 'Protein measurement 5+% higher than declaration ', 1463600277, 1463517106, 'F.1.1', '1', '0', '', '', '', 'PROTEINMEASUREMENT5HIGHER', 0),
('113', '18', 'Boolean', '', 'Fat measurement 5+% higher than declaration ', 1463600277, 1463517106, 'F.1.2', '1', '0', '', '', '', 'FATMEASUREMENT5HIGHER', 0),
('114', '18', 'Boolean', '', 'Calcium measurement 10+% higher than declaration ', 1463600277, 1463517106, 'F.1.3', '1', '0', '', '', '', 'CALCIUMMEASUREMENT10HIGHER', 0),
('115', '18', 'Boolean', '', 'Most complete info about nutritional values', 1463600277, 1463517106, 'F.1.4', '1', '0', '', '', '', 'INFOABOUTNUTRITIONALVALUES', 0),
('116', '18', 'Boolean', '', 'Protein > 3.3 g/100g', 1463600277, 1463517106, 'F.1.5', '1', '0', '', '', '', 'PROTEIN33G100G', 0),
('117', '18', 'Boolean', '', 'Fat > 3.7 g/100g', 1463600277, 1463517106, 'F.1.6', '1', '0', '', '', '', 'FAT37G100G', 0),
('118', '18', 'Boolean', '', 'No bacteria found', 1463600277, 1463517106, 'F.1.7', '1', '0', '', '', '', 'NOBACTERIAFOUND', 0),
('119', '18', 'Boolean', '', 'Salmonella negative', 1463600277, 1463517106, 'F.1.8', '1', '0', '', '', '', 'SALMONELLANEGATIVE', 0),
('120', '18', 'Boolean', '', 'Inhibitor tests negative', 1463600277, 1463517106, 'F.1.9', '1', '0', '', '', '', 'INHIBITORTESTSNEGATIVE', 0),
('121', '18', 'Boolean', '', 'Natural protein content', 1463600277, 1463517106, 'F.1.10', '1', '0', '', '', '', 'NATURALPROTEIN', 0),
('125', '19', 'Boolean', '', 'Protein measurement 5+% lower than declaration ', 1463600277, 1463517106, 'F.2.1', '1', '0', '', '', '', 'PROTEINMEASUREMENT5LOWER', 0),
('126', '19', 'Boolean', '', 'Fat measurement 5+% lower than declaration ', 1463600277, 1463517106, 'F.2.2', '1', '0', '', '', '', 'FATMEASUREMENT5LOWER', 0),
('127', '19', 'Boolean', '', 'Calcium measurement 5+% lower than declaration ', 1463600277, 1463517106, 'F.2.3', '1', '0', '', '', '', 'CALCIUMMEASUREMENT5LOWER', 0),
('128', '19', 'Boolean', '', 'Protein < 3.0 g/100g', 1463600277, 1463517106, 'F.2.4', '1', '0', '', '', '', 'PROTEIN30G100G', 0),
('129', '19', 'Boolean', '', 'Fat < 3.5 g/100g', 1463600277, 1463517106, 'F.2.5', '1', '0', '', '', '', 'FAT34G100G', 0),
('130', '19', 'Boolean', '', 'Bacteria found', 1463600277, 1463517106, 'F.2.6', '1', '0', '', '', '', 'BACTERIAFOUND', 0),
('131', '19', 'Boolean', '', 'WHO-TEQ of PCDD/F 50+% higher than regulation of 2.5 ng/kg', 1465452238, 1463517106, 'F.2.7', '1', '0', '', '', '', 'TEQOFDIOXINS50HIGHER', 0),
('132', '19', 'Boolean', '', 'WHO-TEQ of PCDD/F close to the trigger value of 1.75 ng/kg', 1465452238, 1463517106, 'F.2.8', '1', '0', '', '', '', 'TEQOFDIOXINSCLOSETOTHTRIGGERVALUE', 0),
('133', '19', 'Boolean', '', 'WHO-TEQ of PCDD/F and PCB higher than regulation of 5.5 ng/kg', 1465452238, 1463517106, 'F.2.9', '1', '0', '', '', '', 'TEQOFPCDDFANDDLPCBHIGHER', 0),
('134', '1', 'String', '', 'Name of product', 1463600277, 1463600277, 'A.2.2', '1', '0', '', '', '', 'PRODUCTNAME', 0),
('135', '1', 'String', 'Manufacturing process: Traditional Pasteurize', 'Manufacturing process (stated)', 1463600277, 1463600277, 'A.2.3', '1', '0', '', '', '', 'MANUFACTURINGPROCESS', 0),
('136', '1', 'String', 'Fat content: whole milk (> 3.5%), low-fat mil', 'Fat content', 1463600277, 1463600277, 'A.2.4', '1', '0', '', '', '', 'FATCONTENT', 0),
('137', '1', 'Numeric', '', 'Shelf life (stated)', 1463600277, 1463600277, 'A.2.14', '1', '0', 'day', '0', '730', 'SHELFLIFE', 0),
('138', '3', 'Numeric', '', 'Saturated fatty acids declared', 1465452238, 1463600277, 'A.3.1.4', '0', '2', 'g/100ml', '0', '10', 'SATURATEDFAT', 0),
('139', '3', 'Numeric', '', 'Carbohydrates declared', 1463600277, 1463600277, 'A.3.1.5', '0', '2', 'g/100ml', '0', '10', 'CARBOHYDRATES', 0),
('140', '3', 'Numeric', '', 'Sugar declared', 1465452238, 1463600277, 'A.3.1.6', '0', '2', 'g/100ml', '0', '10', 'SUGAROFCARBOHYDRATES', 0),
('141', '19', 'Boolean', '', 'No clear info about producer or bottler', 1463600277, 1463600277, 'F.2.10', '1', '0', '', '', '', 'NOCLEARPRODUCERINFO', 0),
('142', '19', 'Boolean', '', 'Pictorial representation for grazing of cows', 1463600277, 1463600277, 'F.2.11', '1', '0', '', '', '', 'PICTORIALREPRESENTATIONFORGRAZING', 0),
('143', '19', 'Boolean', '', 'Special praise by pictograms & slogans', 1463600277, 1463600277, 'F.2.12', '1', '0', '', '', '', 'SPECIALPRAISEBYPICTOGRAMSSLOGANS', 0),
('146', '18', 'Boolean', '', 'Aflatoxin M1 under LOQ', 1465452238, 1465452238, 'F.1.12', '1', '0', '', '', '', 'AFLATOXINUNDERREGULATION', 0),
('147', '18', 'Boolean', '', 'Pesticides under LOQ', 1465452238, 1465452238, 'F.1.13', '1', '0', '', '', '', 'PESTICIDESUNDERREGULATION', 0);

-- --------------------------------------------------------

--
-- 表的结构 `results`
--

CREATE TABLE IF NOT EXISTS `results` (
  `id_evaluation` varchar(20) NOT NULL,
  `id_product` varchar(20) NOT NULL,
  `downgrading_value` varchar(45) DEFAULT NULL,
  `is_downgrading` tinyint(1) DEFAULT NULL,
  `value` varchar(150) DEFAULT NULL,
  PRIMARY KEY (`id_evaluation`,`id_product`),
  KEY `fk_results_evaluations1_idx` (`id_evaluation`),
  KEY `fk_results_products1_idx` (`id_product`)
) ENGINE=MyISAM DEFAULT CHARSET=utf8;

--
-- 转存表中的数据 `results`
--

INSERT INTO `results` (`id_evaluation`, `id_product`, `downgrading_value`, `is_downgrading`, `value`) VALUES
('213', '1', '0', 0, '1.88000000'),
('214', '1', '1', 2, '1.88000000'),
('215', '1', '0', 0, 'na'),
('216', '1', '1', 1, '1.88000000'),
('217', '1', '0', 0, '2.78750000'),
('218', '1', '1', 1, '1.88000000'),
('219', '1', '0', 0, '5.50000000'),
('220', '1', '0', 0, 'na'),
('221', '1', '0', 0, '5.50000000'),
('222', '1', '0', 0, 'na'),
('223', '1', '0', 0, '4.78711111'),
('224', '1', '0', 0, '5.50000000'),
('225', '1', '0', 0, '4.07422222'),
('226', '1', '0', 0, '5.50000000'),
('227', '1', '0', 0, '5.50000000'),
('228', '1', '0', 0, '3.52222222'),
('229', '1', '0', 0, 'na'),
('230', '1', '0', 0, 'na'),
('231', '1', '0', 0, 'na'),
('232', '1', '0', 0, 'na'),
('233', '1', '0', 0, 'na'),
('234', '1', '0', 0, 'na'),
('235', '1', '0', 0, 'na'),
('236', '1', '0', 0, 'na'),
('237', '1', '0', 0, 'na'),
('238', '1', '0', 0, 'na'),
('239', '1', '0', 0, 'na'),
('240', '1', '0', 0, 'na'),
('241', '1', '0', 0, 'na'),
('242', '1', '0', 0, 'na'),
('243', '1', '0', 0, '0.54400000'),
('244', '1', '0', 0, '0.70900000'),
('245', '1', '0', 0, '1.90000000'),
('246', '1', '0', 0, '2.78750000'),
('247', '1', '0', 0, 'na'),
('248', '1', '0', 0, 'na'),
('249', '1', '0', 0, 'na'),
('250', '1', '0', 0, 'na'),
('251', '1', '0', 0, 'na'),
('252', '1', '0', 0, 'na'),
('253', '1', '0', 0, 'na'),
('254', '1', '0', 0, 'na'),
('255', '1', '0', 0, 'na'),
('256', '1', '0', 0, 'na'),
('257', '1', '0', 0, 'na'),
('258', '1', '0', 0, 'na'),
('259', '1', '0', 0, 'na'),
('260', '1', '0', 0, 'na'),
('261', '1', '0', 0, 'na'),
('262', '1', '0', 0, 'na'),
('263', '1', '0', 0, 'na'),
('264', '1', '0', 0, '1.36000000'),
('265', '1', '0', 0, '1.88000000'),
('266', '1', '0', 0, 'na'),
('267', '1', '0', 0, 'na'),
('268', '1', '0', 0, 'na'),
('269', '1', '0', 0, 'na'),
('270', '1', '0', 0, 'na'),
('271', '1', '0', 0, 'na'),
('272', '1', '0', 0, 'na'),
('273', '1', '0', 0, '5.50000000'),
('274', '1', '0', 0, 'na'),
('275', '1', '0', 0, 'na'),
('276', '1', '0', 0, 'na'),
('277', '1', '0', 0, 'na'),
('278', '1', '0', 0, 'na'),
('279', '1', '0', 0, '5.50000000'),
('280', '1', '0', 0, 'na'),
('281', '1', '0', 0, '0.50000000'),
('282', '1', '0', 0, '5.50000000'),
('283', '1', '0', 0, '0.50000000'),
('284', '1', '0', 0, '0.50000000'),
('285', '1', '0', 0, '5.50000000'),
('286', '1', '0', 0, '5.50000000'),
('287', '1', '0', 0, '5.50000000'),
('288', '1', '0', 0, '5.50000000'),
('289', '1', '0', 0, '0.50000000'),
('290', '1', '0', 0, '0.50000000'),
('291', '1', '0', 0, '0.50000000'),
('292', '1', '0', 0, '0.50000000'),
('293', '1', '0', 0, '3.00000000'),
('294', '1', '0', 0, '0.50000000'),
('295', '1', '0', 0, '0.50000000'),
('296', '1', '0', 0, '5.50000000'),
('297', '1', '0', 0, '0.50000000'),
('298', '1', '0', 0, '5.50000000'),
('299', '1', '0', 0, '5.50000000'),
('300', '1', '0', 0, '5.50000000'),
('301', '1', '0', 0, '5.50000000'),
('302', '1', '0', 0, '0.50000000'),
('303', '1', '0', 0, '0.50000000'),
('304', '1', '0', 0, '0.50000000'),
('305', '1', '0', 0, '5.50000000'),
('306', '1', '0', 0, '0.50000000'),
('307', '1', '0', 0, '3.55666667'),
('308', '1', '0', 0, '3.16600000'),
('309', '1', '0', 0, '5.50000000'),
('310', '1', '0', 0, '0.50000000'),
('311', '1', '0', 0, '4.50000000'),
('312', '1', '0', 0, '0.50000000'),
('313', '1', '0', 0, '5.50000000'),
('314', '1', '0', 0, '5.50000000'),
('315', '1', '0', 0, '5.50000000'),
('316', '1', '0', 0, '1.85000000'),
('317', '1', '0', 0, '4.05000000'),
('318', '1', '0', 0, '4.66666667'),
('319', '1', '0', 0, 'na'),
('320', '1', '0', 0, 'na'),
('99999999', '1', '0', 0, 'na'),
('100000001', '1', '0', 0, 'SANYUAN'),
('100000134', '1', '0', 0, 'Pure milk'),
('100000135', '1', '0', 0, 'UHT'),
('100000136', '1', '0', 0, 'Whole milk '),
('100000003', '1', '0', 0, '250ml*24'),
('100000004', '1', '0', 0, 'Tetra Brik Aseptic'),
('100000005', '1', '0', 0, 'China'),
('100000006', '1', '0', 0, 'SANYUAN Beijing'),
('100000095', '1', '0', 0, 'ns'),
('100000007', '1', '0', 0, '137640 01B6'),
('100000008', '1', '0', 0, '6.92135524002E+12'),
('100000009', '1', '0', 0, '2015-08-08T00:00:00.000'),
('100000137', '1', '0', 0, '183'),
('100000012', '1', '0', 0, '6'),
('100000013', '1', '0', 0, 'JD'),
('100000015', '1', '0', 0, '55'),
('100000016', '1', '0', 0, '9.17'),
('100000018', '1', '0', 0, '3'),
('100000019', '1', '0', 0, '3.6'),
('100000024', '1', '0', 0, '100'),
('100000026', '1', '0', 0, '-0.13'),
('100000027', '1', '0', 0, '-4.33'),
('100000028', '1', '0', 0, '-0.24'),
('100000029', '1', '0', 0, '-6.67'),
('100000030', '1', '0', 0, '10'),
('100000031', '1', '0', 0, '10'),
('100000032', '1', '0', 0, '0'),
('100000033', '1', '0', 0, '1'),
('100000034', '1', '0', 0, '0'),
('100000035', '1', '0', 0, '0'),
('100000096', '1', '0', 0, '1'),
('100000097', '1', '0', 0, '1'),
('100000098', '1', '0', 0, 'ns'),
('100000099', '1', '0', 0, '1'),
('100000100', '1', '0', 0, '0'),
('100000101', '1', '0', 0, '0'),
('100000102', '1', '0', 0, '0'),
('100000103', '1', '0', 0, '0'),
('100000104', '1', '0', 0, '0'),
('100000105', '1', '0', 0, '0'),
('100000106', '1', '0', 0, '0'),
('100000107', '1', '0', 0, '0'),
('100000108', '1', '0', 0, '0'),
('100000109', '1', '0', 0, '1'),
('100000110', '1', '0', 0, '1'),
('100000111', '1', '0', 0, '1'),
('100000036', '1', '0', 0, '2.87'),
('100000037', '1', '0', 0, '3.36'),
('100000038', '1', '0', 0, '1100'),
('100000039', '1', '0', 0, '0.033'),
('100000040', '1', '0', 0, '1.15'),
('100000041', '1', '0', 0, '0'),
('100000042', '1', '0', 0, 'negativ'),
('100000061', '1', '0', 0, '1.56'),
('100000077', '1', '0', 0, '2.27'),
('100000085', '1', '0', 0, '1800'),
('100000086', '1', '0', 0, '<0,1'),
('100000087', '1', '0', 0, '<0,02'),
('100000088', '1', '0', 0, '<0,01'),
('100000089', '1', '0', 0, '<0,005'),
('100000090', '1', '0', 0, '<0,2'),
('100000091', '1', '0', 0, 'negativ'),
('100000112', '1', '0', 0, '0'),
('100000113', '1', '0', 0, '0'),
('100000114', '1', '0', 0, '1'),
('100000115', '1', '0', 0, '0'),
('100000116', '1', '0', 0, '0'),
('100000117', '1', '0', 0, '0'),
('100000118', '1', '0', 0, '1'),
('100000119', '1', '0', 0, '1'),
('100000120', '1', '0', 0, '1'),
('100000121', '1', '0', 0, '1'),
('100000145', '1', '0', 0, '1'),
('100000146', '1', '0', 0, '1'),
('100000147', '1', '0', 0, '1'),
('100000125', '1', '0', 0, '0'),
('100000126', '1', '0', 0, '1'),
('100000127', '1', '0', 0, '0'),
('100000128', '1', '0', 0, '1'),
('100000129', '1', '0', 0, '1'),
('100000130', '1', '0', 0, '0'),
('100000131', '1', '0', 0, '0'),
('100000132', '1', '0', 0, '1'),
('100000133', '1', '0', 0, '0'),
('100000141', '1', '0', 0, '0'),
('100000142', '1', '0', 0, '0'),
('100000143', '1', '0', 0, '0'),
('213', '2', '0', 0, '0.50000000'),
('214', '2', '1', 3, '0.50000000'),
('215', '2', '0', 0, 'na'),
('216', '2', '1', 2, '0.50000000'),
('217', '2', '1', 1, '0.50000000'),
('218', '2', '0', 0, '0.50000000'),
('219', '2', '0', 0, '5.50000000'),
('220', '2', '0', 0, 'na'),
('221', '2', '0', 0, '5.50000000'),
('222', '2', '0', 0, 'na'),
('223', '2', '0', 0, '5.50000000'),
('224', '2', '0', 0, '5.50000000'),
('225', '2', '0', 0, '5.50000000'),
('226', '2', '0', 0, '5.50000000'),
('227', '2', '0', 0, '5.50000000'),
('228', '2', '0', 0, '4.70555556'),
('229', '2', '0', 0, 'na'),
('230', '2', '0', 0, 'na'),
('231', '2', '0', 0, 'na'),
('232', '2', '0', 0, 'na'),
('233', '2', '0', 0, 'na'),
('234', '2', '0', 0, 'na'),
('235', '2', '0', 0, 'na'),
('236', '2', '0', 0, 'na'),
('237', '2', '0', 0, 'na'),
('238', '2', '0', 0, 'na'),
('239', '2', '0', 0, 'na'),
('240', '2', '0', 0, 'na'),
('241', '2', '0', 0, 'na'),
('242', '2', '0', 0, 'na'),
('243', '2', '0', 0, '1.51000000'),
('244', '2', '0', 0, '1.53000000'),
('245', '2', '0', 0, '5.50000000'),
('246', '2', '0', 0, '0.50000000'),
('247', '2', '0', 0, 'na'),
('248', '2', '0', 0, 'na'),
('249', '2', '0', 0, 'na'),
('250', '2', '0', 0, 'na'),
('251', '2', '0', 0, 'na'),
('252', '2', '0', 0, 'na'),
('253', '2', '0', 0, 'na'),
('254', '2', '0', 0, 'na'),
('255', '2', '0', 0, 'na'),
('256', '2', '0', 0, 'na'),
('257', '2', '0', 0, 'na'),
('258', '2', '0', 0, 'na'),
('259', '2', '0', 0, 'na'),
('260', '2', '0', 0, 'na'),
('261', '2', '0', 0, 'na'),
('262', '2', '0', 0, 'na'),
('263', '2', '0', 0, 'na'),
('264', '2', '0', 0, '4.07000000'),
('265', '2', '0', 0, '0.50000000'),
('266', '2', '0', 0, 'na'),
('267', '2', '0', 0, 'na'),
('268', '2', '0', 0, 'na'),
('269', '2', '0', 0, 'na'),
('270', '2', '0', 0, 'na'),
('271', '2', '0', 0, 'na'),
('272', '2', '0', 0, 'na'),
('273', '2', '0', 0, '5.50000000'),
('274', '2', '0', 0, 'na'),
('275', '2', '0', 0, 'na'),
('276', '2', '0', 0, 'na'),
('277', '2', '0', 0, 'na'),
('278', '2', '0', 0, 'na'),
('279', '2', '0', 0, '5.50000000'),
('280', '2', '0', 0, 'na'),
('281', '2', '0', 0, '0.50000000'),
('282', '2', '0', 0, '5.50000000'),
('283', '2', '0', 0, '0.50000000'),
('284', '2', '0', 0, '0.50000000'),
('285', '2', '0', 0, '5.50000000'),
('286', '2', '0', 0, '5.50000000'),
('287', '2', '0', 0, '5.50000000'),
('288', '2', '0', 0, '5.50000000'),
('289', '2', '0', 0, '0.50000000'),
('290', '2', '0', 0, '0.50000000'),
('291', '2', '0', 0, '0.50000000'),
('292', '2', '0', 0, '0.50000000'),
('293', '2', '0', 0, '3.00000000'),
('294', '2', '0', 0, '5.50000000'),
('295', '2', '0', 0, '0.50000000'),
('296', '2', '0', 0, '5.50000000'),
('297', '2', '0', 0, '0.50000000'),
('298', '2', '0', 0, '5.50000000'),
('299', '2', '0', 0, '5.50000000'),
('300', '2', '0', 0, '5.50000000'),
('301', '2', '0', 0, '5.50000000'),
('302', '2', '0', 0, '0.50000000'),
('303', '2', '0', 0, '0.50000000'),
('304', '2', '0', 0, '0.50000000'),
('305', '2', '0', 0, '5.50000000'),
('306', '2', '0', 0, '0.50000000'),
('307', '2', '0', 0, '5.50000000'),
('308', '2', '0', 0, '5.50000000'),
('309', '2', '0', 0, '5.50000000'),
('310', '2', '0', 0, '0.50000000'),
('311', '2', '0', 0, '4.80000000'),
('312', '2', '0', 0, '0.50000000'),
('313', '2', '0', 0, '5.50000000'),
('314', '2', '0', 0, '5.50000000'),
('315', '2', '0', 0, '5.50000000'),
('316', '2', '0', 0, '3.95000000'),
('317', '2', '0', 0, '5.50000000'),
('318', '2', '0', 0, '4.66666667'),
('319', '2', '0', 0, 'na'),
('320', '2', '0', 0, 'na'),
('99999999', '2', '0', 0, 'na'),
('100000001', '2', '0', 0, 'MENGNIU'),
('100000134', '2', '0', 0, 'Pure milk'),
('100000135', '2', '0', 0, 'UHT'),
('100000136', '2', '0', 0, 'Whole milk '),
('100000003', '2', '0', 0, '250ml*24'),
('100000004', '2', '0', 0, 'Tetra Brik Aseptic'),
('100000005', '2', '0', 0, 'China'),
('100000006', '2', '0', 0, 'MENGNIU Tangshan'),
('100000095', '2', '0', 0, 'ns'),
('100000007', '2', '0', 0, '1620150825AE0512:18'),
('100000008', '2', '0', 0, '6.92364422346E+12'),
('100000009', '2', '0', 0, '2015-08-25T00:00:00.000'),
('100000137', '2', '0', 0, '183'),
('100000012', '2', '0', 0, '6'),
('100000013', '2', '0', 0, 'JD'),
('100000015', '2', '0', 0, '69'),
('100000016', '2', '0', 0, '11.5'),
('100000018', '2', '0', 0, '3.1'),
('100000019', '2', '0', 0, '3.7'),
('100000024', '2', '0', 0, '100'),
('100000026', '2', '0', 0, '0.09'),
('100000027', '2', '0', 0, '2.9'),
('100000028', '2', '0', 0, '0.03'),
('100000029', '2', '0', 0, '0.81'),
('100000030', '2', '0', 0, '10'),
('100000031', '2', '0', 0, '10'),
('100000032', '2', '0', 0, '0'),
('100000033', '2', '0', 0, '1'),
('100000034', '2', '0', 0, '0'),
('100000035', '2', '0', 0, '0'),
('100000096', '2', '0', 0, '1'),
('100000097', '2', '0', 0, '1'),
('100000098', '2', '0', 0, 'ns'),
('100000099', '2', '0', 0, '1'),
('100000100', '2', '0', 0, '0'),
('100000101', '2', '0', 0, '0'),
('100000102', '2', '0', 0, '0'),
('100000103', '2', '0', 0, '0'),
('100000104', '2', '0', 0, '0'),
('100000105', '2', '0', 0, '1'),
('100000106', '2', '0', 0, '0'),
('100000107', '2', '0', 0, '0'),
('100000108', '2', '0', 0, '0'),
('100000109', '2', '0', 0, '1'),
('100000110', '2', '0', 0, '1'),
('100000111', '2', '0', 0, '1'),
('100000036', '2', '0', 0, '3.19'),
('100000037', '2', '0', 0, '3.73'),
('100000038', '2', '0', 0, '1100'),
('100000039', '2', '0', 0, '0.029'),
('100000040', '2', '0', 0, '0.91'),
('100000041', '2', '0', 0, '0'),
('100000042', '2', '0', 0, 'negativ'),
('100000061', '2', '0', 0, '4.14'),
('100000077', '2', '0', 0, '5.66'),
('100000085', '2', '0', 0, '1800'),
('100000086', '2', '0', 0, '<0,1'),
('100000087', '2', '0', 0, '<0,02'),
('100000088', '2', '0', 0, '<0,01'),
('100000089', '2', '0', 0, '<0,005'),
('100000090', '2', '0', 0, '<0,2'),
('100000091', '2', '0', 0, 'negativ'),
('100000112', '2', '0', 0, '0'),
('100000113', '2', '0', 0, '0'),
('100000114', '2', '0', 0, '1'),
('100000115', '2', '0', 0, '0'),
('100000116', '2', '0', 0, '0'),
('100000117', '2', '0', 0, '1'),
('100000118', '2', '0', 0, '1'),
('100000119', '2', '0', 0, '1'),
('100000120', '2', '0', 0, '1'),
('100000121', '2', '0', 0, '1'),
('100000145', '2', '0', 0, '1'),
('100000146', '2', '0', 0, '1'),
('100000147', '2', '0', 0, '1'),
('100000125', '2', '0', 0, '0'),
('100000126', '2', '0', 0, '0'),
('100000127', '2', '0', 0, '0'),
('100000128', '2', '0', 0, '0'),
('100000129', '2', '0', 0, '0'),
('100000130', '2', '0', 0, '0'),
('100000131', '2', '0', 0, '1'),
('100000132', '2', '0', 0, '0'),
('100000133', '2', '0', 0, '1'),
('100000141', '2', '0', 0, '0'),
('100000142', '2', '0', 0, '0'),
('100000143', '2', '0', 0, '1'),
('213', '3', '0', 0, '4.06666667'),
('214', '3', '1', 1, '4.06666667'),
('215', '3', '0', 0, 'na'),
('216', '3', '1', 0, '4.06666667'),
('217', '3', '0', 0, '4.58000000'),
('218', '3', '1', 0, '4.06666667'),
('219', '3', '0', 0, '5.50000000'),
('220', '3', '0', 0, 'na'),
('221', '3', '0', 0, '5.50000000'),
('222', '3', '0', 0, 'na'),
('223', '3', '0', 0, '5.50000000'),
('224', '3', '0', 0, '5.50000000'),
('225', '3', '0', 0, '5.50000000'),
('226', '3', '0', 0, '5.50000000'),
('227', '3', '0', 0, '5.50000000'),
('228', '3', '0', 0, '5.08333333'),
('229', '3', '0', 0, 'na'),
('230', '3', '0', 0, 'na'),
('231', '3', '0', 0, 'na'),
('232', '3', '0', 0, 'na'),
('233', '3', '0', 0, 'na'),
('234', '3', '0', 0, 'na'),
('235', '3', '0', 0, 'na'),
('236', '3', '0', 0, 'na'),
('237', '3', '0', 0, 'na'),
('238', '3', '0', 0, 'na'),
('239', '3', '0', 0, 'na'),
('240', '3', '0', 0, 'na'),
('241', '3', '0', 0, 'na'),
('242', '3', '0', 0, 'na'),
('243', '3', '0', 0, '0.50000000'),
('244', '3', '0', 0, '0.50000000'),
('245', '3', '0', 0, '0.50000000'),
('246', '3', '0', 0, '4.58000000'),
('247', '3', '0', 0, 'na'),
('248', '3', '0', 0, 'na'),
('249', '3', '0', 0, 'na'),
('250', '3', '0', 0, 'na'),
('251', '3', '0', 0, 'na'),
('252', '3', '0', 0, 'na'),
('253', '3', '0', 0, 'na'),
('254', '3', '0', 0, 'na'),
('255', '3', '0', 0, 'na'),
('256', '3', '0', 0, 'na'),
('257', '3', '0', 0, 'na'),
('258', '3', '0', 0, 'na'),
('259', '3', '0', 0, 'na'),
('260', '3', '0', 0, 'na'),
('261', '3', '0', 0, 'na'),
('262', '3', '0', 0, 'na'),
('263', '3', '0', 0, 'na'),
('264', '3', '0', 0, '0.50000000'),
('265', '3', '0', 0, '4.06666667'),
('266', '3', '0', 0, 'na'),
('267', '3', '0', 0, 'na'),
('268', '3', '0', 0, 'na'),
('269', '3', '0', 0, 'na'),
('270', '3', '0', 0, 'na'),
('271', '3', '0', 0, 'na'),
('272', '3', '0', 0, 'na'),
('273', '3', '0', 0, '5.50000000'),
('274', '3', '0', 0, 'na'),
('275', '3', '0', 0, 'na'),
('276', '3', '0', 0, 'na'),
('277', '3', '0', 0, 'na'),
('278', '3', '0', 0, 'na'),
('279', '3', '0', 0, '5.50000000'),
('280', '3', '0', 0, 'na'),
('281', '3', '0', 0, '0.50000000'),
('282', '3', '0', 0, '5.50000000'),
('283', '3', '0', 0, '0.50000000'),
('284', '3', '0', 0, '0.50000000'),
('285', '3', '0', 0, '5.50000000'),
('286', '3', '0', 0, '5.50000000'),
('287', '3', '0', 0, '5.50000000'),
('288', '3', '0', 0, '5.50000000'),
('289', '3', '0', 0, '0.50000000'),
('290', '3', '0', 0, '0.50000000'),
('291', '3', '0', 0, '0.50000000'),
('292', '3', '0', 0, '0.50000000'),
('293', '3', '0', 0, '3.00000000'),
('294', '3', '0', 0, '5.50000000'),
('295', '3', '0', 0, '0.50000000'),
('296', '3', '0', 0, '5.50000000'),
('297', '3', '0', 0, '0.50000000'),
('298', '3', '0', 0, '5.50000000'),
('299', '3', '0', 0, '5.50000000'),
('300', '3', '0', 0, '5.50000000'),
('301', '3', '0', 0, '5.50000000'),
('302', '3', '0', 0, '0.50000000'),
('303', '3', '0', 0, '0.50000000'),
('304', '3', '0', 0, '0.50000000'),
('305', '3', '0', 0, '5.50000000'),
('306', '3', '0', 0, '0.50000000'),
('307', '3', '0', 0, '5.50000000'),
('308', '3', '0', 0, '5.50000000'),
('309', '3', '0', 0, '5.50000000'),
('310', '3', '0', 0, '0.50000000'),
('311', '3', '0', 0, '5.00000000'),
('312', '3', '0', 0, '0.50000000'),
('313', '3', '0', 0, '5.50000000'),
('314', '3', '0', 0, '5.50000000'),
('315', '3', '0', 0, '5.50000000'),
('316', '3', '0', 0, '4.25000000'),
('317', '3', '0', 0, '5.50000000'),
('318', '3', '0', 0, '5.50000000'),
('319', '3', '0', 0, 'na'),
('320', '3', '0', 0, 'na'),
('99999999', '3', '0', 0, 'na'),
('100000001', '3', '0', 0, 'Yili'),
('100000134', '3', '0', 0, 'Pure milk'),
('100000135', '3', '0', 0, 'UHT'),
('100000136', '3', '0', 0, 'Whole milk '),
('100000003', '3', '0', 0, '250ml*24'),
('100000004', '3', '0', 0, 'greatview'),
('100000005', '3', '0', 0, 'China'),
('100000006', '3', '0', 0, 'Yili Zhaodong'),
('100000095', '3', '0', 0, 'ns'),
('100000007', '3', '0', 0, '20:11:10 0906'),
('100000008', '3', '0', 0, '6.90799210027E+12'),
('100000009', '3', '0', 0, '2015-07-25T00:00:00.000'),
('100000137', '3', '0', 0, '183'),
('100000012', '3', '0', 0, '6'),
('100000013', '3', '0', 0, 'TM Market'),
('100000015', '3', '0', 0, '65.8'),
('100000016', '3', '0', 0, '10.97'),
('100000018', '3', '0', 0, '3.1'),
('100000019', '3', '0', 0, '3.6'),
('100000024', '3', '0', 0, '100'),
('100000026', '3', '0', 0, '0.15'),
('100000027', '3', '0', 0, '4.84'),
('100000028', '3', '0', 0, '0.21'),
('100000029', '3', '0', 0, '5.83'),
('100000030', '3', '0', 0, '20'),
('100000031', '3', '0', 0, '20'),
('100000032', '3', '0', 0, '0'),
('100000033', '3', '0', 0, '1'),
('100000034', '3', '0', 0, '0'),
('100000035', '3', '0', 0, '0'),
('100000096', '3', '0', 0, '1'),
('100000097', '3', '0', 0, '1'),
('100000098', '3', '0', 0, 'ns'),
('100000099', '3', '0', 0, '1'),
('100000100', '3', '0', 0, '0'),
('100000101', '3', '0', 0, '0'),
('100000102', '3', '0', 0, '0'),
('100000103', '3', '0', 0, '0'),
('100000104', '3', '0', 0, '0'),
('100000105', '3', '0', 0, '1'),
('100000106', '3', '0', 0, '0'),
('100000107', '3', '0', 0, '0'),
('100000108', '3', '0', 0, '0'),
('100000109', '3', '0', 0, '1'),
('100000110', '3', '0', 0, '1'),
('100000111', '3', '0', 0, '1'),
('100000036', '3', '0', 0, '3.25'),
('100000037', '3', '0', 0, '3.81'),
('100000038', '3', '0', 0, '1200'),
('100000039', '3', '0', 0, '0.034'),
('100000040', '3', '0', 0, '1.05'),
('100000041', '3', '0', 0, '0'),
('100000042', '3', '0', 0, 'negativ'),
('100000061', '3', '0', 0, '0.63'),
('100000077', '3', '0', 0, '1.06'),
('100000085', '3', '0', 0, '1890'),
('100000086', '3', '0', 0, '<0,1'),
('100000087', '3', '0', 0, '<0,02'),
('100000088', '3', '0', 0, '<0,01'),
('100000089', '3', '0', 0, '<0,005'),
('100000090', '3', '0', 0, '<0,2'),
('100000091', '3', '0', 0, 'negativ'),
('100000112', '3', '0', 0, '1'),
('100000113', '3', '0', 0, '1'),
('100000114', '3', '0', 0, '1'),
('100000115', '3', '0', 0, '0'),
('100000116', '3', '0', 0, '0'),
('100000117', '3', '0', 0, '1'),
('100000118', '3', '0', 0, '1'),
('100000119', '3', '0', 0, '1'),
('100000120', '3', '0', 0, '1'),
('100000121', '3', '0', 0, '1'),
('100000145', '3', '0', 0, '1'),
('100000146', '3', '0', 0, '1'),
('100000147', '3', '0', 0, '1'),
('100000125', '3', '0', 0, '0'),
('100000126', '3', '0', 0, '0'),
('100000127', '3', '0', 0, '0'),
('100000128', '3', '0', 0, '0'),
('100000129', '3', '0', 0, '0'),
('100000130', '3', '0', 0, '0'),
('100000131', '3', '0', 0, '0'),
('100000132', '3', '0', 0, '0'),
('100000133', '3', '0', 0, '0'),
('100000141', '3', '0', 0, '0'),
('100000142', '3', '0', 0, '0'),
('100000143', '3', '0', 0, '1'),
('213', '4', '0', 0, '3.56666667'),
('214', '4', '1', 1, '3.56666667'),
('215', '4', '0', 0, 'na'),
('216', '4', '1', 1, '3.56666667'),
('217', '4', '0', 0, '4.40000000'),
('218', '4', '1', 1, '3.56666667'),
('219', '4', '0', 0, '5.50000000'),
('220', '4', '0', 0, 'na'),
('221', '4', '0', 0, '5.50000000'),
('222', '4', '0', 0, 'na'),
('223', '4', '0', 0, '5.28722222'),
('224', '4', '0', 0, '5.50000000'),
('225', '4', '0', 0, '5.07444444'),
('226', '4', '0', 0, '5.50000000'),
('227', '4', '0', 0, '5.50000000'),
('228', '4', '0', 0, '4.01666667'),
('229', '4', '0', 0, 'na'),
('230', '4', '0', 0, 'na'),
('231', '4', '0', 0, 'na'),
('232', '4', '0', 0, 'na'),
('233', '4', '0', 0, 'na'),
('234', '4', '0', 0, 'na'),
('235', '4', '0', 0, 'na'),
('236', '4', '0', 0, 'na'),
('237', '4', '0', 0, 'na'),
('238', '4', '0', 0, 'na'),
('239', '4', '0', 0, 'na'),
('240', '4', '0', 0, 'na'),
('241', '4', '0', 0, 'na'),
('242', '4', '0', 0, 'na'),
('243', '4', '0', 0, '0.50000000'),
('244', '4', '0', 0, '0.50000000'),
('245', '4', '0', 0, '0.80900000'),
('246', '4', '0', 0, '4.40000000'),
('247', '4', '0', 0, 'na'),
('248', '4', '0', 0, 'na'),
('249', '4', '0', 0, 'na'),
('250', '4', '0', 0, 'na'),
('251', '4', '0', 0, 'na'),
('252', '4', '0', 0, 'na'),
('253', '4', '0', 0, 'na'),
('254', '4', '0', 0, 'na'),
('255', '4', '0', 0, 'na'),
('256', '4', '0', 0, 'na'),
('257', '4', '0', 0, 'na'),
('258', '4', '0', 0, 'na'),
('259', '4', '0', 0, 'na'),
('260', '4', '0', 0, 'na'),
('261', '4', '0', 0, 'na'),
('262', '4', '0', 0, 'na'),
('263', '4', '0', 0, 'na'),
('264', '4', '0', 0, '0.59300000'),
('265', '4', '0', 0, '3.56666667'),
('266', '4', '0', 0, 'na'),
('267', '4', '0', 0, 'na'),
('268', '4', '0', 0, 'na'),
('269', '4', '0', 0, 'na'),
('270', '4', '0', 0, 'na'),
('271', '4', '0', 0, 'na'),
('272', '4', '0', 0, 'na'),
('273', '4', '0', 0, '5.50000000'),
('274', '4', '0', 0, 'na'),
('275', '4', '0', 0, 'na'),
('276', '4', '0', 0, 'na'),
('277', '4', '0', 0, 'na'),
('278', '4', '0', 0, 'na'),
('279', '4', '0', 0, '5.50000000'),
('280', '4', '0', 0, 'na'),
('281', '4', '0', 0, '0.50000000'),
('282', '4', '0', 0, '5.50000000'),
('283', '4', '0', 0, '0.50000000'),
('284', '4', '0', 0, '0.50000000'),
('285', '4', '0', 0, '5.50000000'),
('286', '4', '0', 0, '5.50000000'),
('287', '4', '0', 0, '5.50000000'),
('288', '4', '0', 0, '5.50000000'),
('289', '4', '0', 0, '0.50000000'),
('290', '4', '0', 0, '0.50000000'),
('291', '4', '0', 0, '0.50000000'),
('292', '4', '0', 0, '0.50000000'),
('293', '4', '0', 0, '3.00000000'),
('294', '4', '0', 0, '0.50000000'),
('295', '4', '0', 0, '0.50000000'),
('296', '4', '0', 0, '5.50000000'),
('297', '4', '0', 0, '0.50000000'),
('298', '4', '0', 0, '5.50000000'),
('299', '4', '0', 0, '5.50000000'),
('300', '4', '0', 0, '5.50000000'),
('301', '4', '0', 0, '5.50000000'),
('302', '4', '0', 0, '0.50000000'),
('303', '4', '0', 0, '0.50000000'),
('304', '4', '0', 0, '0.50000000'),
('305', '4', '0', 0, '5.50000000'),
('306', '4', '0', 0, '0.50000000'),
('307', '4', '0', 0, '4.22333333'),
('308', '4', '0', 0, '5.50000000'),
('309', '4', '0', 0, '5.50000000'),
('310', '4', '0', 0, '0.50000000'),
('311', '4', '0', 0, '4.70000000'),
('312', '4', '0', 0, '0.50000000'),
('313', '4', '0', 0, '5.50000000'),
('314', '4', '0', 0, '5.50000000'),
('315', '4', '0', 0, '5.50000000'),
('316', '4', '0', 0, '2.15000000'),
('317', '4', '0', 0, '5.23333333'),
('318', '4', '0', 0, '4.66666667'),
('319', '4', '0', 0, 'na'),
('320', '4', '0', 0, 'na'),
('99999999', '4', '0', 0, 'na'),
('100000001', '4', '0', 0, 'brightdairy'),
('100000134', '4', '0', 0, 'Pure milk'),
('100000135', '4', '0', 0, 'UHT'),
('100000136', '4', '0', 0, 'Whole milk '),
('100000003', '4', '0', 0, '250ml*24'),
('100000004', '4', '0', 0, 'Tetra Brik Aseptic'),
('100000005', '4', '0', 0, 'China'),
('100000006', '4', '0', 0, 'brightdairy Heilongjiang'),
('100000095', '4', '0', 0, 'ns'),
('100000007', '4', '0', 0, 'A22:56:35'),
('100000008', '4', '0', 0, '6.90120930222E+12'),
('100000009', '4', '0', 0, '2015-07-14T00:00:00.000'),
('100000137', '4', '0', 0, '183'),
('100000012', '4', '0', 0, '6'),
('100000013', '4', '0', 0, 'TM Market'),
('100000015', '4', '0', 0, '68.8'),
('100000016', '4', '0', 0, '11.47'),
('100000018', '4', '0', 0, '3'),
('100000019', '4', '0', 0, '3.2'),
('100000024', '4', '0', 0, '100'),
('100000026', '4', '0', 0, '-0.07'),
('100000027', '4', '0', 0, '-2.33'),
('100000028', '4', '0', 0, '0.36'),
('100000029', '4', '0', 0, '11.25'),
('100000030', '4', '0', 0, '10'),
('100000031', '4', '0', 0, '10'),
('100000032', '4', '0', 0, '0'),
('100000033', '4', '0', 0, '1'),
('100000034', '4', '0', 0, '0'),
('100000035', '4', '0', 0, '0'),
('100000096', '4', '0', 0, '1'),
('100000097', '4', '0', 0, '1'),
('100000098', '4', '0', 0, 'ns'),
('100000099', '4', '0', 0, '1'),
('100000100', '4', '0', 0, '0'),
('100000101', '4', '0', 0, '0'),
('100000102', '4', '0', 0, '0'),
('100000103', '4', '0', 0, '0'),
('100000104', '4', '0', 0, '0'),
('100000105', '4', '0', 0, '0'),
('100000106', '4', '0', 0, '0'),
('100000107', '4', '0', 0, '0'),
('100000108', '4', '0', 0, '0'),
('100000109', '4', '0', 0, '1'),
('100000110', '4', '0', 0, '1'),
('100000111', '4', '0', 0, '1'),
('100000036', '4', '0', 0, '2.93'),
('100000037', '4', '0', 0, '3.56'),
('100000038', '4', '0', 0, '1100'),
('100000039', '4', '0', 0, '0.035'),
('100000040', '4', '0', 0, '1.19'),
('100000041', '4', '0', 0, '0'),
('100000042', '4', '0', 0, 'negativ'),
('100000061', '4', '0', 0, '0.78'),
('100000077', '4', '0', 0, '1.16'),
('100000085', '4', '0', 0, '1800'),
('100000086', '4', '0', 0, '<0,1'),
('100000087', '4', '0', 0, '<0,02'),
('100000088', '4', '0', 0, '<0,01'),
('100000089', '4', '0', 0, '<0,005'),
('100000090', '4', '0', 0, '<0,2'),
('100000091', '4', '0', 0, 'negativ'),
('100000112', '4', '0', 0, '0'),
('100000113', '4', '0', 0, '1'),
('100000114', '4', '0', 0, '1'),
('100000115', '4', '0', 0, '0'),
('100000116', '4', '0', 0, '0'),
('100000117', '4', '0', 0, '0'),
('100000118', '4', '0', 0, '1'),
('100000119', '4', '0', 0, '1'),
('100000120', '4', '0', 0, '1'),
('100000121', '4', '0', 0, '1'),
('100000145', '4', '0', 0, '1'),
('100000146', '4', '0', 0, 'nc'),
('100000147', '4', '0', 0, 'nc'),
('100000125', '4', '0', 0, '0'),
('100000126', '4', '0', 0, '0'),
('100000127', '4', '0', 0, '0'),
('100000128', '4', '0', 0, '1'),
('100000129', '4', '0', 0, '0'),
('100000130', '4', '0', 0, '0'),
('100000131', '4', '0', 0, '0'),
('100000132', '4', '0', 0, '0'),
('100000133', '4', '0', 0, '0'),
('100000141', '4', '0', 0, '0'),
('100000142', '4', '0', 0, '0'),
('100000143', '4', '0', 0, '0'),
('213', '5', '0', 0, '1.98000000'),
('214', '5', '1', 2, '1.98000000'),
('215', '5', '0', 0, 'na'),
('216', '5', '1', 1, '1.98000000'),
('217', '5', '0', 0, '2.67500000'),
('218', '5', '1', 1, '1.98000000'),
('219', '5', '0', 0, '5.50000000'),
('220', '5', '0', 0, 'na'),
('221', '5', '0', 0, '5.50000000'),
('222', '5', '0', 0, 'na'),
('223', '5', '0', 0, '5.05077778'),
('224', '5', '0', 0, '5.50000000'),
('225', '5', '0', 0, '4.60155556'),
('226', '5', '0', 0, '4.44736842'),
('227', '5', '0', 0, '5.50000000'),
('228', '5', '0', 0, '4.20000000'),
('229', '5', '0', 0, 'na'),
('230', '5', '0', 0, 'na'),
('231', '5', '0', 0, 'na'),
('232', '5', '0', 0, 'na'),
('233', '5', '0', 0, 'na'),
('234', '5', '0', 0, 'na'),
('235', '5', '0', 0, 'na'),
('236', '5', '0', 0, 'na'),
('237', '5', '0', 0, 'na'),
('238', '5', '0', 0, 'na'),
('239', '5', '0', 0, 'na'),
('240', '5', '0', 0, 'na'),
('241', '5', '0', 0, 'na'),
('242', '5', '0', 0, 'na'),
('243', '5', '0', 0, '0.68100000'),
('244', '5', '0', 0, '0.84600000'),
('245', '5', '0', 0, '2.07000000'),
('246', '5', '0', 0, '2.67500000'),
('247', '5', '0', 0, 'na'),
('248', '5', '0', 0, 'na'),
('249', '5', '0', 0, 'na'),
('250', '5', '0', 0, 'na'),
('251', '5', '0', 0, 'na'),
('252', '5', '0', 0, 'na'),
('253', '5', '0', 0, 'na'),
('254', '5', '0', 0, 'na'),
('255', '5', '0', 0, 'na'),
('256', '5', '0', 0, 'na'),
('257', '5', '0', 0, 'na'),
('258', '5', '0', 0, 'na'),
('259', '5', '0', 0, 'na'),
('260', '5', '0', 0, 'na'),
('261', '5', '0', 0, 'na'),
('262', '5', '0', 0, 'na'),
('263', '5', '0', 0, 'na'),
('264', '5', '0', 0, '1.39000000'),
('265', '5', '0', 0, '1.98000000'),
('266', '5', '0', 0, 'na'),
('267', '5', '0', 0, 'na'),
('268', '5', '0', 0, 'na'),
('269', '5', '0', 0, 'na'),
('270', '5', '0', 0, 'na'),
('271', '5', '0', 0, 'na'),
('272', '5', '0', 0, 'na'),
('273', '5', '0', 0, '5.50000000'),
('274', '5', '0', 0, 'na'),
('275', '5', '0', 0, 'na'),
('276', '5', '0', 0, 'na'),
('277', '5', '0', 0, 'na'),
('278', '5', '0', 0, 'na'),
('279', '5', '0', 0, '5.50000000'),
('280', '5', '0', 0, 'na'),
('281', '5', '0', 0, '0.50000000'),
('282', '5', '0', 0, '5.50000000'),
('283', '5', '0', 0, '0.50000000'),
('284', '5', '0', 0, '0.50000000'),
('285', '5', '0', 0, '5.50000000'),
('286', '5', '0', 0, '5.50000000'),
('287', '5', '0', 0, '5.50000000'),
('288', '5', '0', 0, '5.50000000'),
('289', '5', '0', 0, '0.50000000'),
('290', '5', '0', 0, '0.50000000'),
('291', '5', '0', 0, '0.50000000'),
('292', '5', '0', 0, '0.50000000'),
('293', '5', '0', 0, '3.00000000'),
('294', '5', '0', 0, '5.50000000'),
('295', '5', '0', 0, '0.50000000'),
('296', '5', '0', 0, '5.50000000'),
('297', '5', '0', 0, '0.50000000'),
('298', '5', '0', 0, '5.50000000'),
('299', '5', '0', 0, '5.50000000'),
('300', '5', '0', 0, '5.50000000'),
('301', '5', '0', 0, '5.50000000'),
('302', '5', '0', 0, '0.50000000'),
('303', '5', '0', 0, '0.50000000'),
('304', '5', '0', 0, '0.50000000'),
('305', '5', '0', 0, '5.50000000'),
('306', '5', '0', 0, '1.20000000'),
('307', '5', '0', 0, '2.91666667'),
('308', '5', '0', 0, '5.38800000'),
('309', '5', '0', 0, '5.50000000'),
('310', '5', '0', 0, '0.50000000'),
('311', '5', '0', 0, '4.70000000'),
('312', '5', '0', 0, '0.50000000'),
('313', '5', '1', 1, '4.44736842'),
('314', '5', '0', 0, '5.50000000'),
('315', '5', '0', 0, '5.50000000'),
('316', '5', '0', 0, '2.50000000'),
('317', '5', '0', 0, '5.43333333'),
('318', '5', '0', 0, '4.66666667'),
('319', '5', '0', 0, 'na'),
('320', '5', '0', 0, 'na'),
('99999999', '5', '0', 0, 'na'),
('100000001', '5', '0', 0, 'Nestle'),
('100000134', '5', '0', 0, 'Full cream milk '),
('100000135', '5', '0', 0, 'UHT'),
('100000136', '5', '0', 0, 'Whole milk '),
('100000003', '5', '0', 0, '1000ml*12'),
('100000004', '5', '0', 0, 'Tetra Brik Aseptic'),
('100000005', '5', '0', 0, 'China'),
('100000006', '5', '0', 0, 'Nestle Qingdao'),
('100000095', '5', '0', 0, 'ns'),
('100000007', '5', '0', 0, '20150706 23:48'),
('100000008', '5', '0', 0, 'ns'),
('100000009', '5', '0', 0, '2015-07-06T00:00:00.000'),
('100000137', '5', '0', 0, '213'),
('100000012', '5', '0', 0, '12'),
('100000013', '5', '0', 0, ''),
('100000015', '5', '0', 0, '148'),
('100000016', '5', '0', 0, '12.33'),
('100000018', '5', '0', 0, '3.2'),
('100000019', '5', '0', 0, '3.6'),
('100000024', '5', '0', 0, '100'),
('100000026', '5', '0', 0, '-0.2'),
('100000027', '5', '0', 0, '-6.25'),
('100000028', '5', '0', 0, '-0.01'),
('100000029', '5', '0', 0, '-0.28'),
('100000030', '5', '0', 0, '10'),
('100000031', '5', '0', 0, '10'),
('100000032', '5', '0', 0, '0'),
('100000033', '5', '0', 0, '1'),
('100000034', '5', '0', 0, '0'),
('100000035', '5', '0', 0, '0'),
('100000096', '5', '0', 0, '1'),
('100000097', '5', '0', 0, '1'),
('100000098', '5', '0', 0, 'ns'),
('100000099', '5', '0', 0, '1'),
('100000100', '5', '0', 0, '0'),
('100000101', '5', '0', 0, '0'),
('100000102', '5', '0', 0, '0'),
('100000103', '5', '0', 0, '0'),
('100000104', '5', '0', 0, '0'),
('100000105', '5', '0', 0, '1'),
('100000106', '5', '0', 0, '0'),
('100000107', '5', '0', 0, '0'),
('100000108', '5', '0', 0, '0'),
('100000109', '5', '0', 0, '1'),
('100000110', '5', '0', 0, '1'),
('100000111', '5', '0', 0, '1'),
('100000036', '5', '0', 0, '3'),
('100000037', '5', '0', 0, '3.59'),
('100000038', '5', '0', 0, '1100'),
('100000039', '5', '0', 0, '0.029'),
('100000040', '5', '0', 0, '0.97'),
('100000041', '5', '0', 0, '1'),
('100000042', '5', '0', 0, 'negativ'),
('100000061', '5', '0', 0, '1.51'),
('100000077', '5', '0', 0, '2.36'),
('100000085', '5', '0', 0, '1800'),
('100000086', '5', '0', 0, '<0,1'),
('100000087', '5', '0', 0, '<0,02'),
('100000088', '5', '0', 0, '<0,01'),
('100000089', '5', '0', 0, '<0,005'),
('100000090', '5', '0', 0, '<0,2'),
('100000091', '5', '0', 0, 'negativ'),
('100000112', '5', '0', 0, '0'),
('100000113', '5', '0', 0, '0'),
('100000114', '5', '0', 0, '1'),
('100000115', '5', '0', 0, '0'),
('100000116', '5', '0', 0, '0'),
('100000117', '5', '0', 0, '0'),
('100000118', '5', '0', 0, '0'),
('100000119', '5', '0', 0, '1'),
('100000120', '5', '0', 0, '1'),
('100000121', '5', '0', 0, '1'),
('100000145', '5', '0', 0, '1'),
('100000146', '5', '0', 0, 'nc'),
('100000147', '5', '0', 0, 'nc'),
('100000125', '5', '0', 0, '1'),
('100000126', '5', '0', 0, '0'),
('100000127', '5', '0', 0, '0'),
('100000128', '5', '0', 0, '0'),
('100000129', '5', '0', 0, '0'),
('100000130', '5', '0', 0, '1'),
('100000131', '5', '0', 0, '0'),
('100000132', '5', '0', 0, '1'),
('100000133', '5', '0', 0, '0'),
('100000141', '5', '0', 0, '0'),
('100000142', '5', '0', 0, '0'),
('100000143', '5', '0', 0, '1'),
('213', '6', '0', 0, '4.13333333'),
('214', '6', '1', 1, '4.13333333'),
('215', '6', '0', 0, 'na'),
('216', '6', '1', 0, '4.13333333'),
('217', '6', '1', 0, '4.13333333'),
('218', '6', '0', 0, '4.25666667'),
('219', '6', '0', 0, '4.99333333'),
('220', '6', '0', 0, 'na'),
('221', '6', '0', 0, '5.50000000'),
('222', '6', '0', 0, 'na'),
('223', '6', '0', 0, '5.28611111'),
('224', '6', '0', 0, '5.50000000'),
('225', '6', '0', 0, '5.07222222'),
('226', '6', '0', 0, '5.50000000'),
('227', '6', '0', 0, '5.50000000'),
('228', '6', '0', 0, '5.04444444'),
('229', '6', '0', 0, 'na'),
('230', '6', '0', 0, 'na'),
('231', '6', '0', 0, 'na'),
('232', '6', '0', 0, 'na'),
('233', '6', '0', 0, 'na'),
('234', '6', '0', 0, 'na'),
('235', '6', '0', 0, 'na'),
('236', '6', '0', 0, 'na'),
('237', '6', '0', 0, 'na'),
('238', '6', '0', 0, 'na'),
('239', '6', '0', 0, 'na'),
('240', '6', '0', 0, 'na'),
('241', '6', '0', 0, 'na'),
('242', '6', '0', 0, 'na'),
('243', '6', '0', 0, '0.58700000'),
('244', '6', '0', 0, '0.74400000'),
('245', '6', '0', 0, '0.71700000'),
('246', '6', '0', 0, '4.13333333'),
('247', '6', '0', 0, 'na'),
('248', '6', '0', 0, 'na'),
('249', '6', '0', 0, 'na'),
('250', '6', '0', 0, 'na'),
('251', '6', '0', 0, 'na'),
('252', '6', '0', 0, 'na'),
('253', '6', '0', 0, 'na'),
('254', '6', '0', 0, 'na'),
('255', '6', '0', 0, 'na'),
('256', '6', '0', 0, 'na'),
('257', '6', '0', 0, 'na'),
('258', '6', '0', 0, 'na'),
('259', '6', '0', 0, 'na'),
('260', '6', '0', 0, 'na'),
('261', '6', '0', 0, 'na'),
('262', '6', '0', 0, 'na'),
('263', '6', '0', 0, 'na'),
('264', '6', '0', 0, '0.50000000'),
('265', '6', '0', 0, '4.25666667'),
('266', '6', '0', 0, 'na'),
('267', '6', '0', 0, 'na'),
('268', '6', '0', 0, 'na'),
('269', '6', '0', 0, 'na'),
('270', '6', '0', 0, 'na'),
('271', '6', '0', 0, 'na'),
('272', '6', '0', 0, 'na'),
('273', '6', '0', 0, '4.99333333'),
('274', '6', '0', 0, 'na'),
('275', '6', '0', 0, 'na'),
('276', '6', '0', 0, 'na'),
('277', '6', '0', 0, 'na'),
('278', '6', '0', 0, 'na'),
('279', '6', '0', 0, '5.50000000'),
('280', '6', '0', 0, 'na'),
('281', '6', '0', 0, '0.50000000'),
('282', '6', '0', 0, '5.50000000'),
('283', '6', '0', 0, '5.50000000'),
('284', '6', '0', 0, '5.50000000'),
('285', '6', '0', 0, '5.50000000'),
('286', '6', '0', 0, '5.50000000'),
('287', '6', '0', 0, '5.50000000'),
('288', '6', '0', 0, '5.50000000'),
('289', '6', '0', 0, '0.50000000'),
('290', '6', '0', 0, '0.50000000'),
('291', '6', '0', 0, '0.50000000'),
('292', '6', '0', 0, '5.50000000'),
('293', '6', '0', 0, '5.50000000'),
('294', '6', '0', 0, '0.50000000'),
('295', '6', '0', 0, '0.50000000'),
('296', '6', '0', 0, '5.50000000'),
('297', '6', '0', 0, '0.50000000'),
('298', '6', '0', 0, '5.50000000'),
('299', '6', '0', 0, '5.50000000'),
('300', '6', '0', 0, '5.50000000'),
('301', '6', '0', 0, '5.50000000'),
('302', '6', '0', 0, '0.50000000'),
('303', '6', '0', 0, '0.50000000'),
('304', '6', '0', 0, '0.50000000'),
('305', '6', '0', 0, '5.50000000'),
('306', '6', '0', 0, '0.50000000'),
('307', '6', '0', 0, '4.21666667'),
('308', '6', '0', 0, '5.50000000'),
('309', '6', '0', 0, '5.50000000'),
('310', '6', '0', 0, '2.40000000'),
('311', '6', '0', 0, '4.80000000'),
('312', '6', '0', 0, '4.80000000'),
('313', '6', '0', 0, '5.50000000'),
('314', '6', '0', 0, '5.50000000'),
('315', '6', '0', 0, '5.50000000'),
('316', '6', '0', 0, '4.60000000'),
('317', '6', '0', 0, '5.03333333'),
('318', '6', '0', 0, '5.50000000'),
('319', '6', '0', 0, 'na'),
('320', '6', '0', 0, 'na'),
('99999999', '6', '0', 0, 'na'),
('100000001', '6', '0', 0, 'Oldenburger'),
('100000134', '6', '0', 0, 'Pure milk'),
('100000135', '6', '0', 0, 'UHT'),
('100000136', '6', '0', 0, 'Whole milk '),
('100000003', '6', '0', 0, '1000ml*12'),
('100000004', '6', '0', 0, 'Tetra Brik'),
('100000005', '6', '0', 0, 'Germany'),
('100000006', '6', '0', 0, 'DMK GmbH'),
('100000095', '6', '0', 0, 'Shanghai Prochin international Trading Co. Ltd.'),
('100000007', '6', '0', 0, '20150401 06:23D'),
('100000008', '6', '0', 0, '4.03630006945E+12'),
('100000009', '6', '0', 0, '2015-04-01T00:00:00.000'),
('100000137', '6', '0', 0, '365'),
('100000012', '6', '0', 0, '12'),
('100000013', '6', '0', 0, 'TM Market'),
('100000015', '6', '0', 0, '118'),
('100000016', '6', '0', 0, '9.83'),
('100000018', '6', '0', 0, '3.4'),
('100000019', '6', '0', 0, '3.5'),
('100000024', '6', '0', 0, '120'),
('100000026', '6', '0', 0, '-0.08'),
('100000027', '6', '0', 0, '-2.35'),
('100000028', '6', '0', 0, '0.03'),
('100000029', '6', '0', 0, '0.86'),
('100000030', '6', '0', 0, '0'),
('100000031', '6', '0', 0, '0'),
('100000032', '6', '0', 0, '0'),
('100000033', '6', '0', 0, '1'),
('100000034', '6', '0', 0, '1'),
('100000035', '6', '0', 0, '1'),
('100000096', '6', '0', 0, '1'),
('100000097', '6', '0', 0, '1'),
('100000098', '6', '0', 0, '1'),
('100000099', '6', '0', 0, '1'),
('100000100', '6', '0', 0, '0'),
('100000101', '6', '0', 0, '0'),
('100000102', '6', '0', 0, '0'),
('100000103', '6', '0', 0, '1'),
('100000104', '6', '0', 0, '1'),
('100000105', '6', '0', 0, '0'),
('100000106', '6', '0', 0, '0'),
('100000107', '6', '0', 0, '0'),
('100000108', '6', '0', 0, '0'),
('100000109', '6', '0', 0, '1'),
('100000110', '6', '0', 0, '1'),
('100000111', '6', '0', 0, '1'),
('100000036', '6', '0', 0, '3.32'),
('100000037', '6', '0', 0, '3.53'),
('100000038', '6', '0', 0, '1200'),
('100000039', '6', '0', 0, '0.032'),
('100000040', '6', '0', 0, '0.96'),
('100000041', '6', '0', 0, '0'),
('100000042', '6', '0', 0, 'negativ'),
('100000061', '6', '0', 0, '0.573'),
('100000077', '6', '0', 0, '1.32'),
('100000085', '6', '0', 0, '3520'),
('100000086', '6', '0', 0, '<0,1'),
('100000087', '6', '0', 0, '<0,02'),
('100000088', '6', '0', 0, '<0,01'),
('100000089', '6', '0', 0, '<0,005'),
('100000090', '6', '0', 0, '<0,2'),
('100000091', '6', '0', 0, 'negativ'),
('100000112', '6', '0', 0, '0'),
('100000113', '6', '0', 0, '0'),
('100000114', '6', '0', 0, '0'),
('100000115', '6', '0', 0, '1'),
('100000116', '6', '0', 0, '1'),
('100000117', '6', '0', 0, '0'),
('100000118', '6', '0', 0, '1'),
('100000119', '6', '0', 0, '1'),
('100000120', '6', '0', 0, '1'),
('100000121', '6', '0', 0, '1'),
('100000145', '6', '0', 0, '1'),
('100000146', '6', '0', 0, 'nc'),
('100000147', '6', '0', 0, 'nc'),
('100000125', '6', '0', 0, '0'),
('100000126', '6', '0', 0, '0'),
('100000127', '6', '0', 0, '0'),
('100000128', '6', '0', 0, '0'),
('100000129', '6', '0', 0, '0'),
('100000130', '6', '0', 0, '0'),
('100000131', '6', '0', 0, '0'),
('100000132', '6', '0', 0, '0'),
('100000133', '6', '0', 0, '0'),
('100000141', '6', '0', 0, '0'),
('100000142', '6', '0', 0, '1'),
('100000143', '6', '0', 0, '0'),
('213', '7', '0', 0, '4.20666667'),
('214', '7', '1', 0, '4.20666667'),
('215', '7', '0', 0, 'na'),
('216', '7', '1', 0, '4.20666667'),
('217', '7', '0', 0, '4.62000000'),
('218', '7', '1', 0, '4.20666667'),
('219', '7', '0', 0, '5.23666667'),
('220', '7', '0', 0, 'na'),
('221', '7', '0', 0, '5.50000000'),
('222', '7', '0', 0, 'na'),
('223', '7', '0', 0, '4.69796667'),
('224', '7', '0', 0, '5.50000000'),
('225', '7', '0', 0, '3.89593333'),
('226', '7', '0', 0, '4.44736842'),
('227', '7', '0', 0, '5.48181818'),
('228', '7', '0', 0, '4.59444444'),
('229', '7', '0', 0, 'na'),
('230', '7', '0', 0, 'na'),
('231', '7', '0', 0, 'na'),
('232', '7', '0', 0, 'na'),
('233', '7', '0', 0, 'na'),
('234', '7', '0', 0, 'na'),
('235', '7', '0', 0, 'na'),
('236', '7', '0', 0, 'na'),
('237', '7', '0', 0, 'na'),
('238', '7', '0', 0, 'na'),
('239', '7', '0', 0, 'na'),
('240', '7', '0', 0, 'na'),
('241', '7', '0', 0, 'na'),
('242', '7', '0', 0, 'na'),
('243', '7', '0', 0, '0.50000000'),
('244', '7', '0', 0, '0.50000000'),
('245', '7', '0', 0, '0.50000000'),
('246', '7', '0', 0, '4.62000000'),
('247', '7', '0', 0, 'na'),
('248', '7', '0', 0, 'na'),
('249', '7', '0', 0, 'na'),
('250', '7', '0', 0, 'na'),
('251', '7', '0', 0, 'na'),
('252', '7', '0', 0, 'na'),
('253', '7', '0', 0, 'na'),
('254', '7', '0', 0, 'na'),
('255', '7', '0', 0, 'na'),
('256', '7', '0', 0, 'na'),
('257', '7', '0', 0, 'na'),
('258', '7', '0', 0, 'na'),
('259', '7', '0', 0, 'na'),
('260', '7', '0', 0, 'na'),
('261', '7', '0', 0, 'na'),
('262', '7', '0', 0, 'na'),
('263', '7', '0', 0, 'na'),
('264', '7', '0', 0, '0.50000000'),
('265', '7', '0', 0, '4.20666667'),
('266', '7', '0', 0, 'na'),
('267', '7', '0', 0, 'na'),
('268', '7', '0', 0, 'na'),
('269', '7', '0', 0, 'na'),
('270', '7', '0', 0, 'na'),
('271', '7', '0', 0, 'na'),
('272', '7', '0', 0, 'na'),
('273', '7', '0', 0, '5.23666667'),
('274', '7', '0', 0, 'na'),
('275', '7', '0', 0, 'na'),
('276', '7', '0', 0, 'na'),
('277', '7', '0', 0, 'na'),
('278', '7', '0', 0, 'na'),
('279', '7', '0', 0, '5.50000000'),
('280', '7', '0', 0, 'na'),
('281', '7', '0', 0, '0.50000000'),
('282', '7', '0', 0, '5.50000000'),
('283', '7', '0', 0, '0.50000000'),
('284', '7', '0', 0, '0.50000000'),
('285', '7', '0', 0, '5.50000000'),
('286', '7', '0', 0, '5.50000000'),
('287', '7', '0', 0, '5.50000000'),
('288', '7', '0', 0, '5.50000000'),
('289', '7', '0', 0, '0.50000000'),
('290', '7', '0', 0, '0.50000000'),
('291', '7', '0', 0, '0.50000000'),
('292', '7', '0', 0, '5.50000000'),
('293', '7', '0', 0, '5.50000000'),
('294', '7', '0', 0, '0.50000000'),
('295', '7', '0', 0, '0.50000000'),
('296', '7', '0', 0, '5.50000000'),
('297', '7', '0', 0, '0.50000000'),
('298', '7', '0', 0, '5.50000000'),
('299', '7', '0', 0, '5.50000000'),
('300', '7', '0', 0, '5.50000000'),
('301', '7', '0', 0, '5.50000000'),
('302', '7', '0', 0, '0.50000000'),
('303', '7', '0', 0, '0.50000000'),
('304', '7', '0', 0, '0.50000000'),
('305', '7', '0', 0, '5.50000000'),
('306', '7', '0', 0, '0.50000000'),
('307', '7', '1', 0, '1.95600000'),
('308', '7', '0', 0, '5.50000000'),
('309', '7', '0', 0, '4.66700000'),
('310', '7', '0', 0, '0.50000000'),
('311', '7', '0', 0, '4.70000000'),
('312', '7', '0', 0, '0.50000000'),
('313', '7', '1', 1, '4.44736842'),
('314', '7', '0', 0, '5.50000000'),
('315', '7', '0', 0, '5.48181818'),
('316', '7', '0', 0, '3.95000000'),
('317', '7', '0', 0, '5.16666667'),
('318', '7', '0', 0, '4.66666667'),
('319', '7', '0', 0, 'na'),
('320', '7', '0', 0, 'na'),
('99999999', '7', '0', 0, 'na'),
('100000001', '7', '0', 0, 'SUNSIDES'),
('100000134', '7', '0', 0, 'Whole milk '),
('100000135', '7', '0', 0, 'UHT'),
('100000136', '7', '0', 0, 'Whole milk '),
('100000003', '7', '0', 0, '1000ml*10'),
('100000004', '7', '0', 0, 'Tetra Brik'),
('100000005', '7', '0', 0, 'Germany'),
('100000006', '7', '0', 0, 'Sachsenmilch GmbH'),
('100000095', '7', '0', 0, 'China National Cereals, Oils and Foodstuffs Corporation,womai;Haiyou Trade Co. Ltd'),
('100000007', '7', '0', 0, 'L362409:38'),
('100000008', '7', '0', 0, '4.26033647004E+12'),
('100000009', '7', '0', 0, '2015-05-24T00:00:00.000'),
('100000137', '7', '0', 0, '365'),
('100000012', '7', '0', 0, '10'),
('100000013', '7', '0', 0, ''),
('100000015', '7', '0', 0, '119'),
('100000016', '7', '0', 0, '11.9'),
('100000018', '7', '0', 0, '3.5'),
('100000019', '7', '0', 0, '3.5'),
('100000024', '7', '0', 0, '120'),
('100000026', '7', '0', 0, '-0.31'),
('100000027', '7', '0', 0, '-8.86'),
('100000028', '7', '0', 0, '0.05'),
('100000029', '7', '0', 0, '1.43'),
('100000030', '7', '0', 0, '-10'),
('100000031', '7', '0', 0, '-8.33'),
('100000032', '7', '0', 0, '0'),
('100000033', '7', '0', 0, '1'),
('100000034', '7', '0', 0, '0'),
('100000035', '7', '0', 0, '0'),
('100000096', '7', '0', 0, '1'),
('100000097', '7', '0', 0, '1'),
('100000098', '7', '0', 0, '1'),
('100000099', '7', '0', 0, '1'),
('100000100', '7', '0', 0, '0'),
('100000101', '7', '0', 0, '0'),
('100000102', '7', '0', 0, '0'),
('100000103', '7', '0', 0, '1'),
('100000104', '7', '0', 0, '1'),
('100000105', '7', '0', 0, '0'),
('100000106', '7', '0', 0, '0'),
('100000107', '7', '0', 0, '0'),
('100000108', '7', '0', 0, '0'),
('100000109', '7', '0', 0, '1'),
('100000110', '7', '0', 0, '1'),
('100000111', '7', '0', 0, '1'),
('100000036', '7', '0', 0, '3.19'),
('100000037', '7', '0', 0, '3.55'),
('100000038', '7', '0', 0, '1100'),
('100000039', '7', '0', 0, '0.096'),
('100000040', '7', '0', 0, '3.01'),
('100000041', '7', '0', 0, '1'),
('100000042', '7', '0', 0, 'negativ'),
('100000061', '7', '0', 0, '0.588'),
('100000077', '7', '0', 0, '1.04'),
('100000085', '7', '0', 0, '2790'),
('100000086', '7', '0', 0, '<0,1'),
('100000087', '7', '0', 0, '<0,02'),
('100000088', '7', '0', 0, '<0,01'),
('100000089', '7', '0', 0, '<0,005'),
('100000090', '7', '0', 0, '<0,2'),
('100000091', '7', '0', 0, 'negativ'),
('100000112', '7', '0', 0, '0'),
('100000113', '7', '0', 0, '0'),
('100000114', '7', '0', 0, '0'),
('100000115', '7', '0', 0, '0'),
('100000116', '7', '0', 0, '0'),
('100000117', '7', '0', 0, '0'),
('100000118', '7', '0', 0, '0'),
('100000119', '7', '0', 0, '1'),
('100000120', '7', '0', 0, '1'),
('100000121', '7', '0', 0, '1'),
('100000145', '7', '0', 0, '1'),
('100000146', '7', '0', 0, 'nc'),
('100000147', '7', '0', 0, 'nc'),
('100000125', '7', '0', 0, '1'),
('100000126', '7', '0', 0, '0'),
('100000127', '7', '0', 0, '1'),
('100000128', '7', '0', 0, '0'),
('100000129', '7', '0', 0, '0'),
('100000130', '7', '0', 0, '1'),
('100000131', '7', '0', 0, '0'),
('100000132', '7', '0', 0, '0'),
('100000133', '7', '0', 0, '0'),
('100000141', '7', '0', 0, '0'),
('100000142', '7', '0', 0, '1'),
('100000143', '7', '0', 0, '0'),
('213', '8', '0', 0, '4.38000000'),
('214', '8', '1', 0, '4.38000000'),
('215', '8', '0', 0, 'na'),
('216', '8', '1', 0, '4.38000000'),
('217', '8', '0', 0, '4.48333333'),
('218', '8', '1', 0, '4.38000000'),
('219', '8', '0', 0, '5.25666667'),
('220', '8', '0', 0, 'na'),
('221', '8', '0', 0, '5.50000000'),
('222', '8', '0', 0, 'na'),
('223', '8', '0', 0, '5.08427778'),
('224', '8', '0', 0, '5.50000000'),
('225', '8', '0', 0, '4.66855556'),
('226', '8', '0', 0, '5.50000000'),
('227', '8', '0', 0, '5.50000000'),
('228', '8', '0', 0, '5.02222222'),
('229', '8', '0', 0, 'na'),
('230', '8', '0', 0, 'na'),
('231', '8', '0', 0, 'na'),
('232', '8', '0', 0, 'na'),
('233', '8', '0', 0, 'na'),
('234', '8', '0', 0, 'na'),
('235', '8', '0', 0, 'na'),
('236', '8', '0', 0, 'na'),
('237', '8', '0', 0, 'na'),
('238', '8', '0', 0, 'na'),
('239', '8', '0', 0, 'na'),
('240', '8', '0', 0, 'na'),
('241', '8', '0', 0, 'na'),
('242', '8', '0', 0, 'na'),
('243', '8', '0', 0, '0.50000000'),
('244', '8', '0', 0, '0.57100000'),
('245', '8', '0', 0, '0.50000000'),
('246', '8', '0', 0, '4.48333333'),
('247', '8', '0', 0, 'na'),
('248', '8', '0', 0, 'na'),
('249', '8', '0', 0, 'na'),
('250', '8', '0', 0, 'na'),
('251', '8', '0', 0, 'na'),
('252', '8', '0', 0, 'na'),
('253', '8', '0', 0, 'na'),
('254', '8', '0', 0, 'na'),
('255', '8', '0', 0, 'na'),
('256', '8', '0', 0, 'na'),
('257', '8', '0', 0, 'na'),
('258', '8', '0', 0, 'na'),
('259', '8', '0', 0, 'na'),
('260', '8', '0', 0, 'na'),
('261', '8', '0', 0, 'na'),
('262', '8', '0', 0, 'na'),
('263', '8', '0', 0, 'na'),
('264', '8', '0', 0, '0.50000000'),
('265', '8', '0', 0, '4.38000000'),
('266', '8', '0', 0, 'na'),
('267', '8', '0', 0, 'na'),
('268', '8', '0', 0, 'na'),
('269', '8', '0', 0, 'na'),
('270', '8', '0', 0, 'na'),
('271', '8', '0', 0, 'na'),
('272', '8', '0', 0, 'na'),
('273', '8', '0', 0, '5.25666667'),
('274', '8', '0', 0, 'na'),
('275', '8', '0', 0, 'na'),
('276', '8', '0', 0, 'na'),
('277', '8', '0', 0, 'na'),
('278', '8', '0', 0, 'na'),
('279', '8', '0', 0, '5.50000000'),
('280', '8', '0', 0, 'na'),
('281', '8', '0', 0, '0.50000000'),
('282', '8', '0', 0, '5.50000000'),
('283', '8', '0', 0, '0.50000000'),
('284', '8', '0', 0, '0.50000000'),
('285', '8', '0', 0, '5.50000000'),
('286', '8', '0', 0, '5.50000000'),
('287', '8', '0', 0, '5.50000000'),
('288', '8', '0', 0, '5.50000000'),
('289', '8', '0', 0, '0.50000000'),
('290', '8', '0', 0, '0.50000000'),
('291', '8', '0', 0, '0.50000000'),
('292', '8', '0', 0, '0.50000000'),
('293', '8', '0', 0, '5.50000000'),
('294', '8', '0', 0, '0.50000000'),
('295', '8', '0', 0, '0.50000000'),
('296', '8', '0', 0, '5.50000000'),
('297', '8', '0', 0, '0.50000000'),
('298', '8', '0', 0, '5.50000000'),
('299', '8', '0', 0, '5.50000000'),
('300', '8', '0', 0, '5.50000000'),
('301', '8', '0', 0, '5.50000000'),
('302', '8', '0', 0, '0.50000000'),
('303', '8', '0', 0, '0.50000000'),
('304', '8', '0', 0, '0.50000000'),
('305', '8', '0', 0, '5.50000000'),
('306', '8', '0', 0, '0.50000000'),
('307', '8', '0', 0, '4.21666667'),
('308', '8', '0', 0, '4.61200000'),
('309', '8', '0', 0, '5.17700000'),
('310', '8', '0', 0, '0.50000000'),
('311', '8', '0', 0, '4.90000000'),
('312', '8', '0', 0, '0.50000000'),
('313', '8', '0', 0, '5.50000000'),
('314', '8', '0', 0, '5.50000000'),
('315', '8', '0', 0, '5.50000000'),
('316', '8', '0', 0, '4.60000000'),
('317', '8', '0', 0, '4.96666667'),
('318', '8', '0', 0, '5.50000000'),
('319', '8', '0', 0, 'na'),
('320', '8', '0', 0, 'na'),
('99999999', '8', '0', 0, 'na'),
('100000001', '8', '0', 0, 'MUH'),
('100000134', '8', '0', 0, 'Pure milk'),
('100000135', '8', '0', 0, 'UHT'),
('100000136', '8', '0', 0, 'Whole milk '),
('100000003', '8', '0', 0, '1000ml*12'),
('100000004', '8', '0', 0, 'Tetra Brik'),
('100000005', '8', '0', 0, 'Germany'),
('100000006', '8', '0', 0, 'Arla Foods Deutschland GmbH'),
('100000095', '8', '0', 0, 'Tianjin Gandi international Co., Ltd'),
('100000007', '8', '0', 0, '20150523 12.30'),
('100000008', '8', '0', 0, '4.1002900071E+12'),
('100000009', '8', '0', 0, '2015-05-23T00:00:00.000'),
('100000137', '8', '0', 0, '365'),
('100000012', '8', '0', 0, '12'),
('100000013', '8', '0', 0, 'TM Market'),
('100000015', '8', '0', 0, '129'),
('100000016', '8', '0', 0, '10.75'),
('100000018', '8', '0', 0, '3.4'),
('100000019', '8', '0', 0, '3.6'),
('100000024', '8', '0', 0, '124'),
('100000026', '8', '0', 0, '-0.08'),
('100000027', '8', '0', 0, '-2.35'),
('100000028', '8', '0', 0, '-0.08'),
('100000029', '8', '0', 0, '-2.22'),
('100000030', '8', '0', 0, '-4'),
('100000031', '8', '0', 0, '-3.23'),
('100000032', '8', '0', 0, '0'),
('100000033', '8', '0', 0, '1'),
('100000034', '8', '0', 0, '0'),
('100000035', '8', '0', 0, '0'),
('100000096', '8', '0', 0, '1'),
('100000097', '8', '0', 0, '1'),
('100000098', '8', '0', 0, '1'),
('100000099', '8', '0', 0, '1'),
('100000100', '8', '0', 0, '0'),
('100000101', '8', '0', 0, '0'),
('100000102', '8', '0', 0, '0'),
('100000103', '8', '0', 0, '0'),
('100000104', '8', '0', 0, '1'),
('100000105', '8', '0', 0, '0'),
('100000106', '8', '0', 0, '0'),
('100000107', '8', '0', 0, '0'),
('100000108', '8', '0', 0, '0'),
('100000109', '8', '0', 0, '1'),
('100000110', '8', '0', 0, '1'),
('100000111', '8', '0', 0, '1'),
('100000036', '8', '0', 0, '3.32'),
('100000037', '8', '0', 0, '3.52'),
('100000038', '8', '0', 0, '1200'),
('100000039', '8', '0', 0, '0.038'),
('100000040', '8', '0', 0, '1.14'),
('100000041', '8', '0', 0, '0'),
('100000042', '8', '0', 0, 'negativ'),
('100000061', '8', '0', 0, '0.536'),
('100000077', '8', '0', 0, '1.11'),
('100000085', '8', '0', 0, '2730'),
('100000086', '8', '0', 0, '<0,1'),
('100000087', '8', '0', 0, '<0,02'),
('100000088', '8', '0', 0, '<0,01'),
('100000089', '8', '0', 0, '<0,005'),
('100000090', '8', '0', 0, '<0,2'),
('100000091', '8', '0', 0, 'negativ'),
('100000112', '8', '0', 0, '0'),
('100000113', '8', '0', 0, '0'),
('100000114', '8', '0', 0, '0'),
('100000115', '8', '0', 0, '0'),
('100000116', '8', '0', 0, '1'),
('100000117', '8', '0', 0, '0'),
('100000118', '8', '0', 0, '1'),
('100000119', '8', '0', 0, '1'),
('100000120', '8', '0', 0, '1'),
('100000121', '8', '0', 0, '1'),
('100000145', '8', '0', 0, '1'),
('100000146', '8', '0', 0, 'nc'),
('100000147', '8', '0', 0, 'nc'),
('100000125', '8', '0', 0, '0'),
('100000126', '8', '0', 0, '0'),
('100000127', '8', '0', 0, '0'),
('100000128', '8', '0', 0, '0'),
('100000129', '8', '0', 0, '0'),
('100000130', '8', '0', 0, '0'),
('100000131', '8', '0', 0, '0'),
('100000132', '8', '0', 0, '0'),
('100000133', '8', '0', 0, '0'),
('100000141', '8', '0', 0, '0'),
('100000142', '8', '0', 0, '0');
INSERT INTO `results` (`id_evaluation`, `id_product`, `downgrading_value`, `is_downgrading`, `value`) VALUES
('100000143', '8', '0', 0, '0'),
('213', '9', '0', 0, '3.30000000'),
('214', '9', '0', 0, '4.35000000'),
('215', '9', '0', 0, 'na'),
('216', '9', '1', 0, '4.35000000'),
('217', '9', '0', 0, '4.54000000'),
('218', '9', '1', 0, '4.35000000'),
('219', '9', '0', 0, '5.26000000'),
('220', '9', '0', 0, 'na'),
('221', '9', '0', 0, '5.50000000'),
('222', '9', '0', 0, 'na'),
('223', '9', '0', 0, '5.14285714'),
('224', '9', '0', 0, '4.78571429'),
('225', '9', '0', 0, '5.50000000'),
('226', '9', '1', 1, '3.30000000'),
('227', '9', '0', 0, '5.50000000'),
('228', '9', '0', 0, '5.17777778'),
('229', '9', '0', 0, 'na'),
('230', '9', '0', 0, 'na'),
('231', '9', '0', 0, 'na'),
('232', '9', '0', 0, 'na'),
('233', '9', '0', 0, 'na'),
('234', '9', '0', 0, 'na'),
('235', '9', '0', 0, 'na'),
('236', '9', '0', 0, 'na'),
('237', '9', '0', 0, 'na'),
('238', '9', '0', 0, 'na'),
('239', '9', '0', 0, 'na'),
('240', '9', '0', 0, 'na'),
('241', '9', '0', 0, 'na'),
('242', '9', '0', 0, 'na'),
('243', '9', '0', 0, '0.50000000'),
('244', '9', '0', 0, '0.53500000'),
('245', '9', '0', 0, '0.50000000'),
('246', '9', '0', 0, '4.54000000'),
('247', '9', '0', 0, 'na'),
('248', '9', '0', 0, 'na'),
('249', '9', '0', 0, 'na'),
('250', '9', '0', 0, 'na'),
('251', '9', '0', 0, 'na'),
('252', '9', '0', 0, 'na'),
('253', '9', '0', 0, 'na'),
('254', '9', '0', 0, 'na'),
('255', '9', '0', 0, 'na'),
('256', '9', '0', 0, 'na'),
('257', '9', '0', 0, 'na'),
('258', '9', '0', 0, 'na'),
('259', '9', '0', 0, 'na'),
('260', '9', '0', 0, 'na'),
('261', '9', '0', 0, 'na'),
('262', '9', '0', 0, 'na'),
('263', '9', '0', 0, 'na'),
('264', '9', '0', 0, '0.50000000'),
('265', '9', '0', 0, '4.35000000'),
('266', '9', '0', 0, 'na'),
('267', '9', '0', 0, 'na'),
('268', '9', '0', 0, 'na'),
('269', '9', '0', 0, 'na'),
('270', '9', '0', 0, 'na'),
('271', '9', '0', 0, 'na'),
('272', '9', '0', 0, 'na'),
('273', '9', '0', 0, '5.26000000'),
('274', '9', '0', 0, 'na'),
('275', '9', '0', 0, 'na'),
('276', '9', '0', 0, 'na'),
('277', '9', '0', 0, 'na'),
('278', '9', '0', 0, 'na'),
('279', '9', '0', 0, '5.50000000'),
('280', '9', '0', 0, 'na'),
('281', '9', '0', 0, '0.50000000'),
('282', '9', '0', 0, '5.50000000'),
('283', '9', '0', 0, '0.50000000'),
('284', '9', '0', 0, '0.50000000'),
('285', '9', '0', 0, '5.50000000'),
('286', '9', '0', 0, '0.50000000'),
('287', '9', '0', 0, '5.50000000'),
('288', '9', '0', 0, '5.50000000'),
('289', '9', '0', 0, '0.50000000'),
('290', '9', '0', 0, '0.50000000'),
('291', '9', '0', 0, '0.50000000'),
('292', '9', '0', 0, '5.50000000'),
('293', '9', '0', 0, '5.50000000'),
('294', '9', '0', 0, '0.50000000'),
('295', '9', '0', 0, '0.50000000'),
('296', '9', '0', 0, '5.50000000'),
('297', '9', '0', 0, '0.50000000'),
('298', '9', '0', 0, '5.50000000'),
('299', '9', '0', 0, '5.50000000'),
('300', '9', '0', 0, '5.50000000'),
('301', '9', '0', 0, '5.50000000'),
('302', '9', '0', 0, '0.50000000'),
('303', '9', '0', 0, '0.50000000'),
('304', '9', '0', 0, '0.50000000'),
('305', '9', '0', 0, '5.50000000'),
('306', '9', '0', 0, '0.50000000'),
('307', '9', '0', 0, '5.50000000'),
('308', '9', '0', 0, '5.50000000'),
('309', '9', '0', 0, '5.50000000'),
('310', '9', '0', 0, '0.50000000'),
('311', '9', '0', 0, '4.80000000'),
('312', '9', '0', 0, '0.50000000'),
('313', '9', '1', 1, '3.30000000'),
('314', '9', '0', 0, '5.50000000'),
('315', '9', '0', 0, '5.50000000'),
('316', '9', '0', 0, '4.60000000'),
('317', '9', '0', 0, '5.43333333'),
('318', '9', '0', 0, '5.50000000'),
('319', '9', '0', 0, 'na'),
('320', '9', '0', 0, 'na'),
('99999999', '9', '0', 0, 'na'),
('100000001', '9', '0', 0, 'Weidendorf'),
('100000134', '9', '0', 0, 'Pure milk'),
('100000135', '9', '0', 0, 'UHT'),
('100000136', '9', '0', 0, 'Whole milk '),
('100000003', '9', '0', 0, '200ml*30'),
('100000004', '9', '0', 0, 'Tetra Brik'),
('100000005', '9', '0', 0, 'Germany'),
('100000006', '9', '0', 0, 'ns'),
('100000095', '9', '0', 0, 'Shanghai Pinlive Food Co. Ltd'),
('100000007', '9', '0', 0, '201503121901'),
('100000008', '9', '0', 0, '4.26029026E+12'),
('100000009', '9', '0', 0, '2015-03-12T00:00:00.000'),
('100000137', '9', '0', 0, '365'),
('100000012', '9', '0', 0, '6'),
('100000013', '9', '0', 0, 'TM Market'),
('100000015', '9', '0', 0, '109'),
('100000016', '9', '0', 0, '18.17'),
('100000018', '9', '0', 0, '3.3'),
('100000019', '9', '0', 0, '3.5'),
('100000024', '9', '0', 0, '120'),
('100000026', '9', '0', 0, '0.02'),
('100000027', '9', '0', 0, '0.61'),
('100000028', '9', '0', 0, '0.09'),
('100000029', '9', '0', 0, '2.57'),
('100000030', '9', '0', 0, '0'),
('100000031', '9', '0', 0, '0'),
('100000032', '9', '0', 0, '0'),
('100000033', '9', '0', 0, '1'),
('100000034', '9', '0', 0, '0'),
('100000035', '9', '0', 0, '0'),
('100000096', '9', '0', 0, '1'),
('100000097', '9', '0', 0, '0'),
('100000098', '9', '0', 0, '1'),
('100000099', '9', '0', 0, '1'),
('100000100', '9', '0', 0, '0'),
('100000101', '9', '0', 0, '0'),
('100000102', '9', '0', 0, '0'),
('100000103', '9', '0', 0, '1'),
('100000104', '9', '0', 0, '1'),
('100000105', '9', '0', 0, '0'),
('100000106', '9', '0', 0, '0'),
('100000107', '9', '0', 0, '0'),
('100000108', '9', '0', 0, '0'),
('100000109', '9', '0', 0, '1'),
('100000110', '9', '0', 0, '1'),
('100000111', '9', '0', 0, '1'),
('100000036', '9', '0', 0, '3.32'),
('100000037', '9', '0', 0, '3.59'),
('100000038', '9', '0', 0, '1200'),
('100000039', '9', '0', 0, '0.096'),
('100000040', '9', '0', 0, '2.89'),
('100000041', '9', '0', 0, '18'),
('100000042', '9', '0', 0, 'negativ'),
('100000061', '9', '0', 0, '0.545'),
('100000077', '9', '0', 0, '1.08'),
('100000085', '9', '0', 0, '2720'),
('100000086', '9', '0', 0, '<0,1'),
('100000087', '9', '0', 0, '<0,02'),
('100000088', '9', '0', 0, '<0,01'),
('100000089', '9', '0', 0, '<0,005'),
('100000090', '9', '0', 0, '<0,2'),
('100000091', '9', '0', 0, 'negativ'),
('100000112', '9', '0', 0, '0'),
('100000113', '9', '0', 0, '0'),
('100000114', '9', '0', 0, '0'),
('100000115', '9', '0', 0, '0'),
('100000116', '9', '0', 0, '1'),
('100000117', '9', '0', 0, '0'),
('100000118', '9', '0', 0, '0'),
('100000119', '9', '0', 0, '1'),
('100000120', '9', '0', 0, '1'),
('100000121', '9', '0', 0, '1'),
('100000145', '9', '0', 0, '1'),
('100000146', '9', '0', 0, 'nc'),
('100000147', '9', '0', 0, 'nc'),
('100000125', '9', '0', 0, '0'),
('100000126', '9', '0', 0, '0'),
('100000127', '9', '0', 0, '0'),
('100000128', '9', '0', 0, '0'),
('100000129', '9', '0', 0, '0'),
('100000130', '9', '0', 0, '1'),
('100000131', '9', '0', 0, '0'),
('100000132', '9', '0', 0, '0'),
('100000133', '9', '0', 0, '0'),
('100000141', '9', '0', 0, '1'),
('100000142', '9', '0', 0, '1'),
('100000143', '9', '0', 0, '0'),
('213', '10', '0', 0, '4.17666667'),
('214', '10', '1', 1, '4.17666667'),
('215', '10', '0', 0, 'na'),
('216', '10', '1', 0, '4.17666667'),
('217', '10', '0', 0, '4.26666667'),
('218', '10', '1', 0, '4.17666667'),
('219', '10', '0', 0, '5.12333333'),
('220', '10', '0', 0, 'na'),
('221', '10', '0', 0, '5.50000000'),
('222', '10', '0', 0, 'na'),
('223', '10', '0', 0, '5.19338889'),
('224', '10', '0', 0, '5.50000000'),
('225', '10', '0', 0, '4.88677778'),
('226', '10', '0', 0, '5.50000000'),
('227', '10', '0', 0, '5.50000000'),
('228', '10', '0', 0, '4.78333333'),
('229', '10', '0', 0, 'na'),
('230', '10', '0', 0, 'na'),
('231', '10', '0', 0, 'na'),
('232', '10', '0', 0, 'na'),
('233', '10', '0', 0, 'na'),
('234', '10', '0', 0, 'na'),
('235', '10', '0', 0, 'na'),
('236', '10', '0', 0, 'na'),
('237', '10', '0', 0, 'na'),
('238', '10', '0', 0, 'na'),
('239', '10', '0', 0, 'na'),
('240', '10', '0', 0, 'na'),
('241', '10', '0', 0, 'na'),
('242', '10', '0', 0, 'na'),
('243', '10', '0', 0, '0.50000000'),
('244', '10', '0', 0, '0.64700000'),
('245', '10', '0', 0, '0.64500000'),
('246', '10', '0', 0, '4.26666667'),
('247', '10', '0', 0, 'na'),
('248', '10', '0', 0, 'na'),
('249', '10', '0', 0, 'na'),
('250', '10', '0', 0, 'na'),
('251', '10', '0', 0, 'na'),
('252', '10', '0', 0, 'na'),
('253', '10', '0', 0, 'na'),
('254', '10', '0', 0, 'na'),
('255', '10', '0', 0, 'na'),
('256', '10', '0', 0, 'na'),
('257', '10', '0', 0, 'na'),
('258', '10', '0', 0, 'na'),
('259', '10', '0', 0, 'na'),
('260', '10', '0', 0, 'na'),
('261', '10', '0', 0, 'na'),
('262', '10', '0', 0, 'na'),
('263', '10', '0', 0, 'na'),
('264', '10', '0', 0, '0.50000000'),
('265', '10', '0', 0, '4.17666667'),
('266', '10', '0', 0, 'na'),
('267', '10', '0', 0, 'na'),
('268', '10', '0', 0, 'na'),
('269', '10', '0', 0, 'na'),
('270', '10', '0', 0, 'na'),
('271', '10', '0', 0, 'na'),
('272', '10', '0', 0, 'na'),
('273', '10', '0', 0, '5.12333333'),
('274', '10', '0', 0, 'na'),
('275', '10', '0', 0, 'na'),
('276', '10', '0', 0, 'na'),
('277', '10', '0', 0, 'na'),
('278', '10', '0', 0, 'na'),
('279', '10', '0', 0, '5.50000000'),
('280', '10', '0', 0, 'na'),
('281', '10', '0', 0, '0.50000000'),
('282', '10', '0', 0, '5.50000000'),
('283', '10', '0', 0, '0.50000000'),
('284', '10', '0', 0, '0.50000000'),
('285', '10', '0', 0, '5.50000000'),
('286', '10', '0', 0, '5.50000000'),
('287', '10', '0', 0, '5.50000000'),
('288', '10', '0', 0, '5.50000000'),
('289', '10', '0', 0, '0.50000000'),
('290', '10', '0', 0, '0.50000000'),
('291', '10', '0', 0, '0.50000000'),
('292', '10', '0', 0, '0.50000000'),
('293', '10', '0', 0, '5.50000000'),
('294', '10', '0', 0, '0.50000000'),
('295', '10', '0', 0, '0.50000000'),
('296', '10', '0', 0, '5.50000000'),
('297', '10', '0', 0, '0.50000000'),
('298', '10', '0', 0, '5.50000000'),
('299', '10', '0', 0, '5.50000000'),
('300', '10', '0', 0, '5.50000000'),
('301', '10', '0', 0, '5.50000000'),
('302', '10', '0', 0, '0.50000000'),
('303', '10', '0', 0, '0.50000000'),
('304', '10', '0', 0, '0.50000000'),
('305', '10', '0', 0, '5.50000000'),
('306', '10', '0', 0, '0.50000000'),
('307', '10', '0', 0, '4.49333333'),
('308', '10', '0', 0, '5.50000000'),
('309', '10', '0', 0, '4.66700000'),
('310', '10', '0', 0, '0.50000000'),
('311', '10', '0', 0, '4.80000000'),
('312', '10', '0', 0, '0.50000000'),
('313', '10', '0', 0, '5.50000000'),
('314', '10', '0', 0, '5.50000000'),
('315', '10', '0', 0, '5.50000000'),
('316', '10', '0', 0, '4.25000000'),
('317', '10', '0', 0, '5.43333333'),
('318', '10', '0', 0, '4.66666667'),
('319', '10', '0', 0, 'na'),
('320', '10', '0', 0, 'na'),
('99999999', '10', '0', 0, 'na'),
('100000001', '10', '0', 0, 'hochwald'),
('100000134', '10', '0', 0, 'Whole milk '),
('100000135', '10', '0', 0, 'UHT'),
('100000136', '10', '0', 0, 'Whole milk '),
('100000003', '10', '0', 0, '1000ml*12'),
('100000004', '10', '0', 0, 'SIG combibloc'),
('100000005', '10', '0', 0, 'Germany'),
('100000006', '10', '0', 0, 'Hochwald Food GmbH'),
('100000095', '10', '0', 0, 'China National Cereals, Oils and Foodstuffs Corporation Haiyou Trade Co'),
('100000007', '10', '0', 0, '161/20.32/3'),
('100000008', '10', '0', 0, '4.00349004776E+12'),
('100000009', '10', '0', 0, '2015-06-10T00:00:00.000'),
('100000137', '10', '0', 0, '365'),
('100000012', '10', '0', 0, '12'),
('100000013', '10', '0', 0, ''),
('100000015', '10', '0', 0, '139'),
('100000016', '10', '0', 0, '11.58'),
('100000018', '10', '0', 0, '3.3'),
('100000019', '10', '0', 0, '3.5'),
('100000024', '10', '0', 0, '120'),
('100000026', '10', '0', 0, '-0.05'),
('100000027', '10', '0', 0, '-1.52'),
('100000028', '10', '0', 0, '0.09'),
('100000029', '10', '0', 0, '2.57'),
('100000030', '10', '0', 0, '-10'),
('100000031', '10', '0', 0, '-8.33'),
('100000032', '10', '0', 0, '0'),
('100000033', '10', '0', 0, '1'),
('100000034', '10', '0', 0, '0'),
('100000035', '10', '0', 0, '0'),
('100000096', '10', '0', 0, '1'),
('100000097', '10', '0', 0, '1'),
('100000098', '10', '0', 0, '1'),
('100000099', '10', '0', 0, '1'),
('100000100', '10', '0', 0, '0'),
('100000101', '10', '0', 0, '0'),
('100000102', '10', '0', 0, '0'),
('100000103', '10', '0', 0, '0'),
('100000104', '10', '0', 0, '1'),
('100000105', '10', '0', 0, '0'),
('100000106', '10', '0', 0, '0'),
('100000107', '10', '0', 0, '0'),
('100000108', '10', '0', 0, '0'),
('100000109', '10', '0', 0, '1'),
('100000110', '10', '0', 0, '1'),
('100000111', '10', '0', 0, '1'),
('100000036', '10', '0', 0, '3.25'),
('100000037', '10', '0', 0, '3.59'),
('100000038', '10', '0', 0, '1100'),
('100000039', '10', '0', 0, '0.097'),
('100000040', '10', '0', 0, '2.98'),
('100000041', '10', '0', 0, '0'),
('100000042', '10', '0', 0, 'negativ'),
('100000061', '10', '0', 0, '0.597'),
('100000077', '10', '0', 0, '1.24'),
('100000085', '10', '0', 0, '3130'),
('100000086', '10', '0', 0, '<0,1'),
('100000087', '10', '0', 0, '<0,02'),
('100000088', '10', '0', 0, '<0,01'),
('100000089', '10', '0', 0, '<0,005'),
('100000090', '10', '0', 0, '<0,2'),
('100000091', '10', '0', 0, 'negativ'),
('100000112', '10', '0', 0, '0'),
('100000113', '10', '0', 0, '0'),
('100000114', '10', '0', 0, '0'),
('100000115', '10', '0', 0, '0'),
('100000116', '10', '0', 0, '0'),
('100000117', '10', '0', 0, '0'),
('100000118', '10', '0', 0, '1'),
('100000119', '10', '0', 0, '1'),
('100000120', '10', '0', 0, '1'),
('100000121', '10', '0', 0, '1'),
('100000145', '10', '0', 0, '1'),
('100000146', '10', '0', 0, 'nc'),
('100000147', '10', '0', 0, 'nc'),
('100000125', '10', '0', 0, '0'),
('100000126', '10', '0', 0, '0'),
('100000127', '10', '0', 0, '1'),
('100000128', '10', '0', 0, '0'),
('100000129', '10', '0', 0, '0'),
('100000130', '10', '0', 0, '0'),
('100000131', '10', '0', 0, '0'),
('100000132', '10', '0', 0, '0'),
('100000133', '10', '0', 0, '0'),
('100000141', '10', '0', 0, '0'),
('100000142', '10', '0', 0, '0'),
('100000143', '10', '0', 0, '0'),
('213', '11', '0', 0, '4.20000000'),
('214', '11', '1', 1, '4.20000000'),
('215', '11', '0', 0, 'na'),
('216', '11', '1', 0, '4.20000000'),
('217', '11', '1', 0, '4.20000000'),
('218', '11', '0', 0, '4.34000000'),
('219', '11', '0', 0, '4.98000000'),
('220', '11', '0', 0, 'na'),
('221', '11', '0', 0, '5.50000000'),
('222', '11', '0', 0, 'na'),
('223', '11', '0', 0, '5.14285714'),
('224', '11', '0', 0, '4.78571429'),
('225', '11', '0', 0, '5.50000000'),
('226', '11', '0', 0, '4.34210526'),
('227', '11', '0', 0, '5.48181818'),
('228', '11', '0', 0, '5.20000000'),
('229', '11', '0', 0, 'na'),
('230', '11', '0', 0, 'na'),
('231', '11', '0', 0, 'na'),
('232', '11', '0', 0, 'na'),
('233', '11', '0', 0, 'na'),
('234', '11', '0', 0, 'na'),
('235', '11', '0', 0, 'na'),
('236', '11', '0', 0, 'na'),
('237', '11', '0', 0, 'na'),
('238', '11', '0', 0, 'na'),
('239', '11', '0', 0, 'na'),
('240', '11', '0', 0, 'na'),
('241', '11', '0', 0, 'na'),
('242', '11', '0', 0, 'na'),
('243', '11', '0', 0, '0.57600000'),
('244', '11', '0', 0, '0.73300000'),
('245', '11', '0', 0, '0.65700000'),
('246', '11', '0', 0, '4.20000000'),
('247', '11', '0', 0, 'na'),
('248', '11', '0', 0, 'na'),
('249', '11', '0', 0, 'na'),
('250', '11', '0', 0, 'na'),
('251', '11', '0', 0, 'na'),
('252', '11', '0', 0, 'na'),
('253', '11', '0', 0, 'na'),
('254', '11', '0', 0, 'na'),
('255', '11', '0', 0, 'na'),
('256', '11', '0', 0, 'na'),
('257', '11', '0', 0, 'na'),
('258', '11', '0', 0, 'na'),
('259', '11', '0', 0, 'na'),
('260', '11', '0', 0, 'na'),
('261', '11', '0', 0, 'na'),
('262', '11', '0', 0, 'na'),
('263', '11', '0', 0, 'na'),
('264', '11', '0', 0, '0.50000000'),
('265', '11', '0', 0, '4.34000000'),
('266', '11', '0', 0, 'na'),
('267', '11', '0', 0, 'na'),
('268', '11', '0', 0, 'na'),
('269', '11', '0', 0, 'na'),
('270', '11', '0', 0, 'na'),
('271', '11', '0', 0, 'na'),
('272', '11', '0', 0, 'na'),
('273', '11', '0', 0, '4.98000000'),
('274', '11', '0', 0, 'na'),
('275', '11', '0', 0, 'na'),
('276', '11', '0', 0, 'na'),
('277', '11', '0', 0, 'na'),
('278', '11', '0', 0, 'na'),
('279', '11', '0', 0, '5.50000000'),
('280', '11', '0', 0, 'na'),
('281', '11', '0', 0, '0.50000000'),
('282', '11', '0', 0, '5.50000000'),
('283', '11', '0', 0, '0.50000000'),
('284', '11', '0', 0, '0.50000000'),
('285', '11', '0', 0, '5.50000000'),
('286', '11', '0', 0, '0.50000000'),
('287', '11', '0', 0, '5.50000000'),
('288', '11', '0', 0, '5.50000000'),
('289', '11', '0', 0, '0.50000000'),
('290', '11', '0', 0, '0.50000000'),
('291', '11', '0', 0, '0.50000000'),
('292', '11', '0', 0, '0.50000000'),
('293', '11', '0', 0, '5.50000000'),
('294', '11', '0', 0, '0.50000000'),
('295', '11', '0', 0, '0.50000000'),
('296', '11', '0', 0, '5.50000000'),
('297', '11', '0', 0, '0.50000000'),
('298', '11', '0', 0, '5.50000000'),
('299', '11', '0', 0, '5.50000000'),
('300', '11', '0', 0, '5.50000000'),
('301', '11', '0', 0, '5.50000000'),
('302', '11', '0', 0, '0.50000000'),
('303', '11', '0', 0, '0.50000000'),
('304', '11', '0', 0, '0.50000000'),
('305', '11', '0', 0, '5.50000000'),
('306', '11', '0', 0, '0.50000000'),
('307', '11', '0', 0, '5.50000000'),
('308', '11', '0', 0, '5.50000000'),
('309', '11', '0', 0, '5.50000000'),
('310', '11', '0', 0, '0.50000000'),
('311', '11', '0', 0, '4.80000000'),
('312', '11', '0', 0, '0.50000000'),
('313', '11', '1', 1, '4.34210526'),
('314', '11', '0', 0, '5.50000000'),
('315', '11', '0', 0, '5.48181818'),
('316', '11', '0', 0, '4.60000000'),
('317', '11', '0', 0, '5.50000000'),
('318', '11', '0', 0, '5.50000000'),
('319', '11', '0', 0, 'na'),
('320', '11', '0', 0, 'na'),
('99999999', '11', '0', 0, 'na'),
('100000001', '11', '0', 0, 'SUKI'),
('100000134', '11', '0', 0, 'Whole milk '),
('100000135', '11', '0', 0, 'UHT'),
('100000136', '11', '0', 0, 'Whole milk '),
('100000003', '11', '0', 0, '200ml*30'),
('100000004', '11', '0', 0, 'ns _like Tetra Brik__'),
('100000005', '11', '0', 0, 'Germany'),
('100000006', '11', '0', 0, 'ns'),
('100000095', '11', '0', 0, 'Shanghai Gaofu Food Co. Ltd'),
('100000007', '11', '0', 0, '20150420 14.51'),
('100000008', '11', '0', 0, '6.95222920035E+12'),
('100000009', '11', '0', 0, '2015-04-20T00:00:00.000'),
('100000137', '11', '0', 0, '365'),
('100000012', '11', '0', 0, '6'),
('100000013', '11', '0', 0, 'YHD'),
('100000015', '11', '0', 0, '79'),
('100000016', '11', '0', 0, '13.17'),
('100000018', '11', '0', 0, '3.3'),
('100000019', '11', '0', 0, '3.5'),
('100000024', '11', '0', 0, '120'),
('100000026', '11', '0', 0, '0.02'),
('100000027', '11', '0', 0, '0.61'),
('100000028', '11', '0', 0, '0.12'),
('100000029', '11', '0', 0, '3.43'),
('100000030', '11', '0', 0, '0'),
('100000031', '11', '0', 0, '0'),
('100000032', '11', '0', 0, '0'),
('100000033', '11', '0', 0, '1'),
('100000034', '11', '0', 0, '0'),
('100000035', '11', '0', 0, '0'),
('100000096', '11', '0', 0, '1'),
('100000097', '11', '0', 0, '0'),
('100000098', '11', '0', 0, '1'),
('100000099', '11', '0', 0, '1'),
('100000100', '11', '0', 0, '0'),
('100000101', '11', '0', 0, '0'),
('100000102', '11', '0', 0, '0'),
('100000103', '11', '0', 0, '0'),
('100000104', '11', '0', 0, '1'),
('100000105', '11', '0', 0, '0'),
('100000106', '11', '0', 0, '0'),
('100000107', '11', '0', 0, '0'),
('100000108', '11', '0', 0, '0'),
('100000109', '11', '0', 0, '1'),
('100000110', '11', '0', 0, '1'),
('100000111', '11', '0', 0, '1'),
('100000036', '11', '0', 0, '3.32'),
('100000037', '11', '0', 0, '3.62'),
('100000038', '11', '0', 0, '1200'),
('100000039', '11', '0', 0, '0.1'),
('100000040', '11', '0', 0, '3.01'),
('100000041', '11', '0', 0, '2'),
('100000042', '11', '0', 0, 'negativ'),
('100000061', '11', '0', 0, '0.548'),
('100000077', '11', '0', 0, '1.28'),
('100000085', '11', '0', 0, '3560'),
('100000086', '11', '0', 0, '<0,1'),
('100000087', '11', '0', 0, '<0,02'),
('100000088', '11', '0', 0, '<0,01'),
('100000089', '11', '0', 0, '<0,005'),
('100000090', '11', '0', 0, '<0,2'),
('100000091', '11', '0', 0, 'negativ'),
('100000112', '11', '0', 0, '0'),
('100000113', '11', '0', 0, '0'),
('100000114', '11', '0', 0, '0'),
('100000115', '11', '0', 0, '0'),
('100000116', '11', '0', 0, '1'),
('100000117', '11', '0', 0, '0'),
('100000118', '11', '0', 0, '0'),
('100000119', '11', '0', 0, '1'),
('100000120', '11', '0', 0, '1'),
('100000121', '11', '0', 0, '1'),
('100000145', '11', '0', 0, '1'),
('100000146', '11', '0', 0, 'nc'),
('100000147', '11', '0', 0, 'nc'),
('100000125', '11', '0', 0, '0'),
('100000126', '11', '0', 0, '0'),
('100000127', '11', '0', 0, '0'),
('100000128', '11', '0', 0, '0'),
('100000129', '11', '0', 0, '0'),
('100000130', '11', '0', 0, '1'),
('100000131', '11', '0', 0, '0'),
('100000132', '11', '0', 0, '0'),
('100000133', '11', '0', 0, '0'),
('100000141', '11', '0', 0, '1'),
('100000142', '11', '0', 0, '0'),
('100000143', '11', '0', 0, '0');

-- --------------------------------------------------------

--
-- 表的结构 `sdictionary`
--

CREATE TABLE IF NOT EXISTS `sdictionary` (
  `wordid` int(11) NOT NULL,
  `oriword` varchar(200) DEFAULT NULL,
  `De` varchar(200) DEFAULT NULL,
  `Eng` varchar(200) DEFAULT NULL,
  `CHN` varchar(400) DEFAULT NULL,
  `flag` int(11) NOT NULL,
  PRIMARY KEY (`wordid`,`flag`)
) ENGINE=MyISAM DEFAULT CHARSET=utf8;

--
-- 转存表中的数据 `sdictionary`
--

INSERT INTO `sdictionary` (`wordid`, `oriword`, `De`, `Eng`, `CHN`, `flag`) VALUES
(1, 'Test Samples', 'null', 'null', '测试样品', 3),
(113, 'Fat measurement 5+% higher than declaration ', 'null', 'null', '', 0),
(5, 'Nutritional Value', 'null', 'null', '营养成分', 3),
(36, 'Protein (N multiple 6.38)', 'null', 'null', '蛋白质（6.38倍氮）', 0),
(6, 'Non-protein Nitrogen', 'null', 'null', '非蛋白氮', 3),
(39, 'Non-protein nitrogen (NPN)', 'null', 'null', '非蛋白氮（NPN）', 0),
(40, 'NPN share in total nitrogen', 'null', 'null', '总氮中非蛋白氮份额', 0),
(41, 'Bacterial count', 'null', 'null', '细菌数', 0),
(7, 'Microbiology', 'null', 'null', '微生物', 3),
(10, 'Dioxins', 'null', 'null', '二噁英', 3),
(42, 'Salmonella (qualitative in 25g)', 'null', 'null', '沙门氏菌', 0),
(43, '2,3,7,8-TCDD', 'null', 'null', '2，3，7，8-四氯-二苯并-对-二噁英', 0),
(61, 'WHO-TEQ of PCDD/F incl. LOQ', 'null', 'null', '二噁英毒性当量', 0),
(112, 'Protein measurement 5+% higher than declaration ', 'null', 'null', '', 0),
(75, 'WHO-TEQ of PCB incl. LOQ', 'null', 'null', '二噁英类多氯联苯毒性当量', 0),
(77, 'WHO-TEQ of PCDD/F and PCB incl. LOQ', 'null', 'null', '二噁英及二噁英类多氯联苯毒性当量', 0),
(145, 'Heavy metals under LOQ', 'null', 'null', '', 0),
(85, 'Sum of 6 ndl PCB incl. LOQ (ICES-6) ', 'null', 'null', '非二噁英类多氯联苯含量', 0),
(13, 'Heavy Metal', 'null', 'null', '重金属', 3),
(86, 'Arsenic (As)', 'null', 'null', '砷', 0),
(87, 'Lead (Pb)', 'null', 'null', '铅', 0),
(88, 'Cadmium (Cd)', 'null', 'null', '镉', 0),
(89, 'Mercury (Hg)', 'null', 'null', '汞', 0),
(90, 'Chromium (Cr)', 'null', 'null', '铬', 0),
(14, 'Inhibitor Test', 'null', 'null', '抑制剂测试', 3),
(91, 'Inhibitor tests', 'null', 'null', '抑制剂测试', 0),
(92, 'Aflatoxin M1', 'null', 'null', '黄曲霉毒素M1', 0),
(15, 'Aflatoxin', 'null', 'null', '黄曲霉毒素', 3),
(19, 'Cons', 'null', 'null', '缺点', 3),
(18, 'Pros', 'null', 'null', '优点', 3),
(20, 'Pesticides', 'null', 'null', '农药', 3),
(93, 'Pesticides screening foods of animal origin', 'null', 'null', '动物来源食品中农药筛查', 0),
(213, 'total test result', 'null', 'null', '测试结果', 1),
(214, 'Contaminants', 'null', 'null', '残留物', 1),
(216, 'Dioxins and PCB', 'null', 'null', '二噁英和多氯联苯', 1),
(220, 'Heavy Metal', 'null', 'null', '重金属', 1),
(221, 'Inhibitor Test', 'null', 'null', '抑制剂测试', 1),
(223, 'Declaration', 'null', 'null', '标称', 1),
(225, 'Quantitative', 'null', 'null', '定量标称', 1),
(226, 'Microbiology', 'null', 'null', '微生物', 1),
(313, 'Bacterial count', 'null', 'null', '细菌数', 1),
(314, 'Salmonella (qualitative in 25g)', 'null', 'null', '沙门氏菌', 1),
(227, 'Non-protein Nitrogen', 'null', 'null', '非蛋白氮', 1),
(315, 'NPN share of total nitrogen', 'null', 'null', '总氮中非蛋白氮含量', 1),
(228, 'Nutritional Value', 'null', 'null', '营养成分', 1),
(316, 'Protein', 'null', 'null', '蛋白质', 1),
(317, 'Fat', 'null', 'null', '脂肪', 1),
(318, 'Calcium (Ca)', 'null', 'null', '钙', 1),
(3, 'Specification', 'null', 'null', '规格', 0),
(4, 'Packing', 'null', 'null', '包装', 0),
(5, 'Country of production (stated)', 'null', 'null', '产地国家（标称）', 0),
(6, 'Producer', 'null', 'null', '生产厂家', 0),
(9, 'Production date (stated)', 'null', 'null', '生产日期（标称）', 0),
(137, 'Shelf life (stated)', 'null', 'null', '保质期（标称）', 0),
(12, 'Volume (stated)', 'null', 'null', '容量（标称）', 0),
(135, 'Manufacturing process (stated)', 'null', 'null', '制造工艺（标称）', 0),
(134, 'Name of product', 'null', 'null', '产品名称', 0),
(95, 'Distributor', 'null', 'null', '经销商', 0),
(16, 'Price per liter', 'null', 'null', '每升价格', 0),
(15, 'Paid price', 'null', 'null', '实付价格', 0),
(14, 'Shopping date', 'null', 'null', '购买日期', 0),
(13, 'Bought at shop', 'null', 'null', '样品购自商店', 0),
(1, 'Brand', 'null', 'null', '品牌', 0),
(37, 'Fat', 'null', 'null', '脂肪', 0),
(38, 'Calcium (Ca)', 'null', 'null', '钙', 0),
(114, 'Calcium measurement 10+% higher than declaration ', 'null', 'null', '', 0),
(115, 'Most complete info about nutritional values', 'null', 'null', '', 0),
(116, 'Protein > 3.3 g/100g', 'null', 'null', '', 0),
(117, 'Fat > 3.7 g/100g', 'null', 'null', '', 0),
(118, 'No bacteria found', 'null', 'null', '', 0),
(119, 'Salmonella negative', 'null', 'null', '', 0),
(120, 'Inhibitor tests negative', 'null', 'null', '', 0),
(121, 'Natural protein content', 'null', 'null', '', 0),
(146, 'Aflatoxin M1 under LOQ', 'null', 'null', '', 0),
(147, 'Pesticides under LOQ', 'null', 'null', '', 0),
(125, 'Protein measurement 5+% lower than declaration ', 'null', 'null', '', 0),
(126, 'Fat measurement 5+% lower than declaration ', 'null', 'null', '', 0),
(127, 'Calcium measurement 5+% lower than declaration ', 'null', 'null', '', 0),
(129, 'Fat < 3.5 g/100g', 'null', 'null', '', 0),
(130, 'Bacteria found', 'null', 'null', '', 0),
(131, 'WHO-TEQ of PCDD/F 50+% higher than regulation of 2.5 ng/kg', 'null', 'null', '', 0),
(132, 'WHO-TEQ of PCDD/F close to the trigger value of 1.75 ng/kg', 'null', 'null', '', 0),
(133, 'WHO-TEQ of PCDD/F and PCB higher than regulation of 5.5 ng/kg', 'null', 'null', '', 0),
(141, 'No clear info about producer or bottler', 'null', 'null', '', 0),
(142, 'Pictorial representation for grazing of cows', 'null', 'null', '', 0),
(143, 'Special praise by pictograms & slogans', 'null', 'null', '', 0),
(128, 'Protein < 3.0 g/100g', 'null', 'null', '', 0),
(224, 'Qualitative', 'null', 'null', '定性标称', 1);

/*!40101 SET CHARACTER_SET_CLIENT=@OLD_CHARACTER_SET_CLIENT */;
/*!40101 SET CHARACTER_SET_RESULTS=@OLD_CHARACTER_SET_RESULTS */;
/*!40101 SET COLLATION_CONNECTION=@OLD_COLLATION_CONNECTION */;
